phase	collection	category	sub_category	cbeta_id	volume	sutra_no	juan_count	title	translator
1	T	阿含部類	阿含部	T01n0001	01	0001	22	長阿含經	後秦 佛陀耶舍共竺佛念譯
1	T	阿含部類	阿含部	T01n0002	01	0002	1	七佛經	宋 法天譯
1	T	阿含部類	阿含部	T01n0003	01	0003	2	毘婆尸佛經	宋 法天譯
1	T	阿含部類	阿含部	T01n0004	01	0004	1	七佛父母姓字經	失譯
1	T	阿含部類	阿含部	T01n0005	01	0005	2	佛般泥洹經	西晉 白法祖譯
1	T	阿含部類	阿含部	T01n0006	01	0006	2	般泥洹經	失譯
1	T	阿含部類	阿含部	T01n0007	01	0007	3	大般涅槃經	東晉 法顯譯
1	T	阿含部類	阿含部	T01n0008	01	0008	2	大堅固婆羅門緣起經	宋 施護等譯
1	T	阿含部類	阿含部	T01n0009	01	0009	1	人仙經	宋 法賢譯
1	T	阿含部類	阿含部	T01n0010	01	0010	3	白衣金幢二婆羅門緣起經	宋 施護等譯
1	T	阿含部類	阿含部	T01n0011	01	0011	2	尼拘陀梵志經	宋 施護等譯
1	T	阿含部類	阿含部	T01n0012	01	0012	2	大集法門經	宋 施護譯
1	T	阿含部類	阿含部	T01n0013	01	0013	2	長阿含十報法經	後漢 安世高譯
1	T	阿含部類	阿含部	T01n0014	01	0014	1	人本欲生經	後漢 安世高譯
1	T	阿含部類	阿含部	T01n0015	01	0015	1	帝釋所問經	宋 法賢譯
1	T	阿含部類	阿含部	T01n0016	01	0016	1	尸迦羅越六方禮經	後漢 安世高譯
1	T	阿含部類	阿含部	T01n0017	01	0017	1	善生子經	西晉 支法度譯
1	T	阿含部類	阿含部	T01n0018	01	0018	1	信佛功德經	宋 法賢譯
1	T	阿含部類	阿含部	T01n0019	01	0019	1	大三摩惹經	宋 法天譯
1	T	阿含部類	阿含部	T01n0020	01	0020	1	佛開解梵志阿颰經	吳 支謙譯
1	T	阿含部類	阿含部	T01n0021	01	0021	1	梵網六十二見經	吳 支謙譯
1	T	阿含部類	阿含部	T01n0022	01	0022	1	寂志果經	東晉 竺曇無蘭譯
1	T	阿含部類	阿含部	T01n0023	01	0023	6	大樓炭經	西晉 法立共法炬譯
1	T	阿含部類	阿含部	T01n0024	01	0024	10	起世經	隋 闍那崛多等譯
1	T	阿含部類	阿含部	T01n0025	01	0025	10	起世因本經	隋 達摩笈多譯
1	T	阿含部類	阿含部	T01n0026	01	0026	60	中阿含經	東晉 瞿曇僧伽提婆譯
1	T	阿含部類	阿含部	T01n0027	01	0027	1	七知經	吳 支謙譯
1	T	阿含部類	阿含部	T01n0028	01	0028	1	園生樹經	宋 施護譯
1	T	阿含部類	阿含部	T01n0029	01	0029	1	鹹水喻經	失譯
1	T	阿含部類	阿含部	T01n0030	01	0030	1	薩鉢多酥哩踰捺野經	宋 法賢譯
1	T	阿含部類	阿含部	T01n0031	01	0031	1	一切流攝守因經	後漢 安世高譯
1	T	阿含部類	阿含部	T01n0032	01	0032	1	四諦經	後漢 安世高譯
1	T	阿含部類	阿含部	T01n0033	01	0033	1	恒水經	西晉 法炬譯
1	T	阿含部類	阿含部	T01n0034	01	0034	1	法海經	西晉 法炬譯
1	T	阿含部類	阿含部	T01n0035	01	0035	1	海八德經	後秦 鳩摩羅什譯
1	T	阿含部類	阿含部	T01n0036	01	0036	1	本相猗致經	後漢 安世高譯
1	T	阿含部類	阿含部	T01n0037	01	0037	1	緣本致經	失譯
1	T	阿含部類	阿含部	T01n0038	01	0038	1	輪王七寶經	宋 施護譯
1	T	阿含部類	阿含部	T01n0039	01	0039	1	頂生王故事經	西晉 法炬譯
1	T	阿含部類	阿含部	T01n0040	01	0040	1	文陀竭王經	北涼 曇無讖譯
1	T	阿含部類	阿含部	T01n0041	01	0041	1	頻婆娑羅王經	宋 法賢譯
1	T	阿含部類	阿含部	T01n0042	01	0042	1	鐵城泥犁經	東晉 竺曇無蘭譯
1	T	阿含部類	阿含部	T01n0043	01	0043	1	閻羅王五天使者經	劉宋 慧簡譯
1	T	阿含部類	阿含部	T01n0044	01	0044	1	古來世時經	失譯
1	T	阿含部類	阿含部	T01n0045	01	0045	2	大正句王經	宋 法賢譯
1	T	阿含部類	阿含部	T01n0046	01	0046	1	阿那律八念經	後漢 支曜譯
1	T	阿含部類	阿含部	T01n0047	01	0047	1	離睡經	西晉 竺法護譯
1	T	阿含部類	阿含部	T01n0048	01	0048	1	是法非法經	後漢 安世高譯
1	T	阿含部類	阿含部	T01n0049	01	0049	1	求欲經	西晉 法炬譯
1	T	阿含部類	阿含部	T01n0050	01	0050	1	受歲經	西晉 竺法護譯
1	T	阿含部類	阿含部	T01n0051	01	0051	1	梵志計水淨經	失譯
1	T	阿含部類	阿含部	T01n0052	01	0052	1	大生義經	宋 施護譯
1	T	阿含部類	阿含部	T01n0053	01	0053	1	苦陰經	失譯
1	T	阿含部類	阿含部	T01n0054	01	0054	1	釋摩男本四子經	吳 支謙譯
1	T	阿含部類	阿含部	T01n0055	01	0055	1	苦陰因事經	西晉 法炬譯
1	T	阿含部類	阿含部	T01n0056	01	0056	1	樂想經	西晉 竺法護譯
1	T	阿含部類	阿含部	T01n0057	01	0057	1	漏分布經	後漢 安世高譯
1	T	阿含部類	阿含部	T01n0058	01	0058	1	阿耨風經	東晉 竺曇無蘭譯
1	T	阿含部類	阿含部	T01n0059	01	0059	1	諸法本經	吳 支謙譯
1	T	阿含部類	阿含部	T01n0060	01	0060	1	瞿曇彌記果經	劉宋 慧簡譯
1	T	阿含部類	阿含部	T01n0061	01	0061	1	受新歲經	西晉 竺法護譯
1	T	阿含部類	阿含部	T01n0062	01	0062	1	新歲經	東晉 竺曇無蘭譯
1	T	阿含部類	阿含部	T01n0063	01	0063	1	解夏經	宋 法賢譯
1	T	阿含部類	阿含部	T01n0064	01	0064	1	瞻婆比丘經	西晉 法炬譯
1	T	阿含部類	阿含部	T01n0065	01	0065	1	伏婬經	西晉 法炬譯
1	T	阿含部類	阿含部	T01n0066	01	0066	1	魔嬈亂經	失譯
1	T	阿含部類	阿含部	T01n0067	01	0067	1	弊魔試目連經	吳 支謙譯
1	T	阿含部類	阿含部	T01n0068	01	0068	1	賴吒和羅經	吳 支謙譯
1	T	阿含部類	阿含部	T01n0069	01	0069	1	護國經	宋 法賢譯
1	T	阿含部類	阿含部	T01n0070	01	0070	1	數經	西晉 法炬譯
1	T	阿含部類	阿含部	T01n0071	01	0071	1	梵志頞波羅延問種尊經	東晉 竺曇無蘭譯
1	T	阿含部類	阿含部	T01n0072	01	0072	1	三歸五戒慈心厭離功德經	失譯
1	T	阿含部類	阿含部	T01n0073	01	0073	1	須達經	蕭齊 求那毘地譯
1	T	阿含部類	阿含部	T01n0074	01	0074	1	長者施報經	宋 法天譯
1	T	阿含部類	阿含部	T01n0075	01	0075	1	佛為黃竹園老婆羅門說學經	失譯
1	T	阿含部類	阿含部	T01n0076	01	0076	1	梵摩渝經	吳 支謙譯
1	T	阿含部類	阿含部	T01n0077	01	0077	1	尊上經	西晉 竺法護譯
1	T	阿含部類	阿含部	T01n0078	01	0078	1	兜調經	失譯
1	T	阿含部類	阿含部	T01n0079	01	0079	1	鸚鵡經	劉宋 求那跋陀羅譯
1	T	阿含部類	阿含部	T01n0080	01	0080	1	佛為首迦長者說業報差別經	隋 瞿曇法智譯
1	T	阿含部類	阿含部	T01n0081	01	0081	2	分別善惡報應經	宋 天息災譯
1	T	阿含部類	阿含部	T01n0082	01	0082	1	意經	西晉 竺法護譯
1	T	阿含部類	阿含部	T01n0083	01	0083	1	應法經	西晉 竺法護譯
1	T	阿含部類	阿含部	T01n0084	01	0084	1	分別布施經	宋 施護譯
1	T	阿含部類	阿含部	T01n0085	01	0085	1	息諍因緣經	宋 施護譯
1	T	阿含部類	阿含部	T01n0086	01	0086	1	泥犁經	東晉 竺曇無蘭譯
1	T	阿含部類	阿含部	T01n0087	01	0087	1	齋經	吳 支謙譯
1	T	阿含部類	阿含部	T01n0088	01	0088	1	優陂夷墮舍迦經	失譯
1	T	阿含部類	阿含部	T01n0089	01	0089	1	八關齋經	劉宋 沮渠京聲譯
1	T	阿含部類	阿含部	T01n0090	01	0090	1	鞞摩肅經	劉宋 求那跋陀羅譯
1	T	阿含部類	阿含部	T01n0091	01	0091	1	婆羅門子命終愛念不離經	後漢 安世高譯
1	T	阿含部類	阿含部	T01n0092	01	0092	1	十支居士八城人經	後漢 安世高譯
1	T	阿含部類	阿含部	T01n0093	01	0093	1	邪見經	失譯
1	T	阿含部類	阿含部	T01n0094	01	0094	1	箭喻經	失譯
1	T	阿含部類	阿含部	T01n0095	01	0095	1	蟻喻經	宋 施護譯
1	T	阿含部類	阿含部	T01n0096	01	0096	1	治意經	失譯
1	T	阿含部類	阿含部	T01n0097	01	0097	1	廣義法門經	陳 真諦譯
1	T	阿含部類	阿含部	T01n0098	01	0098	1	普法義經	後漢 安世高譯
1	T	阿含部類	阿含部	T02n0099	02	0099	50	雜阿含經	劉宋 求那跋陀羅譯
1	T	阿含部類	阿含部	T02n0100	02	0100	16	別譯雜阿含經	失譯
1	T	阿含部類	阿含部	T02n0101	02	0101	1	雜阿含經	失譯
1	T	阿含部類	阿含部	T02n0102	02	0102	1	佛說五蘊皆空經	唐 義淨譯
1	T	阿含部類	阿含部	T02n0103	02	0103	1	佛說聖法印經	西晉 竺法護譯
1	T	阿含部類	阿含部	T02n0104	02	0104	1	佛說法印經	宋 施護譯
1	T	阿含部類	阿含部	T02n0105	02	0105	1	五陰譬喻經	後漢 安世高譯
1	T	阿含部類	阿含部	T02n0106	02	0106	1	佛說水沫所漂經	東晉 竺曇無蘭譯
1	T	阿含部類	阿含部	T02n0107	02	0107	1	佛說不自守意經	吳 支謙譯
1	T	阿含部類	阿含部	T02n0108	02	0108	1	佛說滿願子經	失譯
1	T	阿含部類	阿含部	T02n0109	02	0109	1	佛說轉法輪經	後漢 安世高譯
1	T	阿含部類	阿含部	T02n0110	02	0110	1	佛說三轉法輪經	唐 義淨譯
1	T	阿含部類	阿含部	T02n0111	02	0111	1	佛說相應相可經	西晉 法炬譯
1	T	阿含部類	阿含部	T02n0112	02	0112	1	佛說八正道經	後漢 安世高譯
1	T	阿含部類	阿含部	T02n0113	02	0113	1	佛說難提釋經	西晉 法炬譯
1	T	阿含部類	阿含部	T02n0114	02	0114	1	佛說馬有三相經	後漢 支曜譯
1	T	阿含部類	阿含部	T02n0115	02	0115	1	佛說馬有八態譬人經	後漢 支曜譯
1	T	阿含部類	阿含部	T02n0116	02	0116	1	佛說戒德香經	東晉 竺曇無蘭譯
1	T	阿含部類	阿含部	T02n0117	02	0117	1	佛說戒香經	宋 法賢譯
1	T	阿含部類	阿含部	T02n0118	02	0118	1	佛說鴦掘摩經	西晉 竺法護譯
1	T	阿含部類	阿含部	T02n0119	02	0119	1	佛說鴦崛髻經	西晉 法炬譯
1	T	阿含部類	阿含部	T02n0120	02	0120	4	央掘魔羅經	劉宋 求那跋陀羅譯
1	T	阿含部類	阿含部	T02n0121	02	0121	1	佛說月喻經	宋 施護譯
1	T	阿含部類	阿含部	T02n0122	02	0122	1	佛說波斯匿王太后崩塵土坌身經	西晉 法炬譯
1	T	阿含部類	阿含部	T02n0123	02	0123	1	佛說放牛經	後秦 鳩摩羅什譯
1	T	阿含部類	阿含部	T02n0124	02	0124	1	緣起經	唐 玄奘譯
1	T	阿含部類	阿含部	T02n0125	02	0125	51	增壹阿含經	東晉 瞿曇僧伽提婆譯
1	T	阿含部類	阿含部	T02n0126	02	0126	1	佛說阿羅漢具德經	宋 法賢譯
1	T	阿含部類	阿含部	T02n0127	02	0127	1	佛說四人出現世間經	劉宋 求那跋陀羅譯
1	T	阿含部類	阿含部	T02n0128a	02	0128a	1	須摩提女經	吳 支謙譯
1	T	阿含部類	阿含部	T02n0128b	02	0128b	1	須摩提女經	吳 支謙譯
1	T	阿含部類	阿含部	T02n0129	02	0129	1	佛說三摩竭經	吳 竺律炎譯
1	T	阿含部類	阿含部	T02n0130	02	0130	3	佛說給孤長者女得度因緣經	宋 施護譯
1	T	阿含部類	阿含部	T02n0131	02	0131	1	佛說婆羅門避死經	後漢 安世高譯
1	T	阿含部類	阿含部	T02n0132a	02	0132a	1	佛說食施獲五福報經	失譯
1	T	阿含部類	阿含部	T02n0132b	02	0132b	1	施食獲五福報經	失譯
1	T	阿含部類	阿含部	T02n0133	02	0133	1	頻毘娑羅王詣佛供養經	西晉 法炬譯
1	T	阿含部類	阿含部	T02n0134	02	0134	1	佛說長者子六過出家經	劉宋 慧簡譯
1	T	阿含部類	阿含部	T02n0135	02	0135	1	佛說力士移山經	西晉 竺法護譯
1	T	阿含部類	阿含部	T02n0136	02	0136	1	佛說四未曾有法經	西晉 竺法護譯
1	T	阿含部類	阿含部	T02n0137	02	0137	1	舍利弗摩訶目連遊四衢經	後漢 康孟詳譯
1	T	阿含部類	阿含部	T02n0138	02	0138	1	佛說十一想思念如來經	劉宋 求那跋陀羅譯
1	T	阿含部類	阿含部	T02n0139	02	0139	1	佛說四泥犁經	東晉 竺曇無蘭譯
1	T	阿含部類	阿含部	T02n0140	02	0140	1	阿那邠邸化七子經	後漢 安世高譯
1	T	阿含部類	阿含部	T02n0141	02	0141	1	佛說阿遬達經	劉宋 求那跋陀羅譯
1	T	阿含部類	阿含部	T02n0142a	02	0142a	1	佛說玉耶女經	失譯
1	T	阿含部類	阿含部	T02n0142b	02	0142b	1	玉耶女經	失譯
1	T	阿含部類	阿含部	T02n0143	02	0143	1	玉耶經	東晉 竺曇無蘭譯
1	T	阿含部類	阿含部	T02n0144	02	0144	1	佛說大愛道般泥洹經	西晉 白法祖譯
1	T	阿含部類	阿含部	T02n0145	02	0145	1	佛母般泥洹經	劉宋 慧簡譯
1	T	阿含部類	阿含部	T02n0146	02	0146	1	舍衛國王夢見十事經	失譯
1	T	阿含部類	阿含部	T02n0147	02	0147	1	佛說舍衛國王十夢經	失譯
1	T	阿含部類	阿含部	T02n0148	02	0148	1	國王不梨先泥十夢經	東晉 竺曇無蘭譯
1	T	阿含部類	阿含部	T02n0149	02	0149	1	佛說阿難同學經	後漢 安世高譯
1	T	阿含部類	阿含部	T02n0150A	02	0150A	1	七處三觀經	後漢 安世高譯
1	T	阿含部類	阿含部	T02n0150B	02	0150B	1	九橫經	後漢 安世高譯
1	T	阿含部類	阿含部	T02n0151	02	0151	1	佛說阿含正行經	後漢 安世高譯
1	T	本緣部類	本緣部	T03n0152	03	0152	8	六度集經	吳 康僧會譯
1	T	本緣部類	本緣部	T03n0153	03	0153	3	菩薩本緣經	吳 支謙譯
1	T	本緣部類	本緣部	T03n0154	03	0154	5	生經	西晉 竺法護譯
1	T	本緣部類	本緣部	T03n0155	03	0155	3	菩薩本行經	失譯
1	T	本緣部類	本緣部	T03n0156	03	0156	7	大方便佛報恩經	失譯
1	T	本緣部類	本緣部	T03n0157	03	0157	10	悲華經	北涼 曇無讖譯
1	T	本緣部類	本緣部	T03n0158	03	0158	8	大乘悲分陀利經	失譯
1	T	本緣部類	本緣部	T03n0159	03	0159	8	大乘本生心地觀經	唐 般若譯
1	T	本緣部類	本緣部	T03n0160	03	0160	16	菩薩本生鬘論	宋 紹德慧詢等譯
1	T	本緣部類	本緣部	T03n0161	03	0161	1	長壽王經	失譯
1	T	本緣部類	本緣部	T03n0162	03	0162	1	金色王經	東魏 瞿曇般若流支譯
1	T	本緣部類	本緣部	T03n0163	03	0163	1	妙色王因緣經	唐 義淨譯
1	T	本緣部類	本緣部	T03n0164	03	0164	1	師子素馱娑王斷肉經	唐 智嚴譯
1	T	本緣部類	本緣部	T03n0165	03	0165	6	頂生王因緣經	宋 施護等譯
1	T	本緣部類	本緣部	T03n0166	03	0166	1	月光菩薩經	宋 法賢譯
1	T	本緣部類	本緣部	T03n0167	03	0167	1	太子慕魄經	後漢 安世高譯
1	T	本緣部類	本緣部	T03n0168	03	0168	1	太子墓魄經	西晉 竺法護譯
1	T	本緣部類	本緣部	T03n0169	03	0169	1	月明菩薩經	吳 支謙譯
1	T	本緣部類	本緣部	T03n0170	03	0170	1	德光太子經	西晉 竺法護譯
1	T	本緣部類	本緣部	T03n0171	03	0171	1	太子須大拏經	西秦 聖堅譯
1	T	本緣部類	本緣部	T03n0172	03	0172	1	菩薩投身飴餓虎起塔因緣經	北涼 法盛譯
1	T	本緣部類	本緣部	T03n0173	03	0173	4	福力太子因緣經	宋 施護等譯
1	T	本緣部類	本緣部	T03n0174	03	0174	1	菩薩睒子經	失譯
1	T	本緣部類	本緣部	T03n0175a	03	0175a	1	睒子經	西秦 聖堅譯
1	T	本緣部類	本緣部	T03n0175b	03	0175b	1	佛說睒子經	乞伏秦 聖堅譯
1	T	本緣部類	本緣部	T03n0175c	03	0175c	1	佛說睒子經	姚秦 聖堅譯
1	T	本緣部類	本緣部	T03n0176	03	0176	1	師子月佛本生經	失譯
1	T	本緣部類	本緣部	T03n0177	03	0177	1	大意經	劉宋 求那跋陀羅譯
1	T	本緣部類	本緣部	T03n0178	03	0178	1	前世三轉經	西晉 法炬譯
1	T	本緣部類	本緣部	T03n0179	03	0179	1	銀色女經	元魏 佛陀扇多譯
1	T	本緣部類	本緣部	T03n0180	03	0180	1	過去世佛分衛經	西晉 竺法護譯
1	T	本緣部類	本緣部	T03n0181a	03	0181a	1	九色鹿經	吳 支謙譯
1	T	本緣部類	本緣部	T03n0181b	03	0181b	1	佛說九色鹿經	吳 支謙譯
1	T	本緣部類	本緣部	T03n0182a	03	0182a	1	鹿母經	西晉 竺法護譯
1	T	本緣部類	本緣部	T03n0182b	03	0182b	1	佛說鹿母經	西晉 竺法護譯
1	T	本緣部類	本緣部	T03n0183	03	0183	1	一切智光明仙人慈心因緣不食肉經	失譯
1	T	本緣部類	本緣部	T03n0184	03	0184	2	修行本起經	後漢 竺大力共康孟詳譯
1	T	本緣部類	本緣部	T03n0185	03	0185	2	太子瑞應本起經	吳 支謙譯
1	T	本緣部類	本緣部	T03n0186	03	0186	8	普曜經	西晉 竺法護譯
1	T	本緣部類	本緣部	T03n0187	03	0187	12	方廣大莊嚴經	唐 地婆訶羅譯
1	T	本緣部類	本緣部	T03n0188	03	0188	1	異出菩薩本起經	西晉 聶道真譯
1	T	本緣部類	本緣部	T03n0189	03	0189	4	過去現在因果經	劉宋 求那跋陀羅譯
1	T	本緣部類	本緣部	T03n0190	03	0190	60	佛本行集經	隋 闍那崛多譯
1	T	本緣部類	本緣部	T03n0191	03	0191	13	眾許摩訶帝經	宋 法賢譯
1	T	本緣部類	本緣部	T04n0192	04	0192	5	佛所行讚	馬鳴菩薩造　北涼 曇無讖譯
1	T	本緣部類	本緣部	T04n0193	04	0193	7	佛本行經	宋 釋寶雲譯
1	T	本緣部類	本緣部	T04n0194	04	0194	3	僧伽羅剎所集經	符秦 僧伽跋澄等譯
1	T	本緣部類	本緣部	T04n0195	04	0195	1	佛說十二遊經	東晉 迦留陀伽譯
1	T	本緣部類	本緣部	T04n0196	04	0196	2	中本起經	後漢 曇果共康孟詳譯
1	T	本緣部類	本緣部	T04n0197	04	0197	2	佛說興起行經	後漢 康孟詳譯
1	T	本緣部類	本緣部	T04n0198	04	0198	2	佛說義足經	吳 支謙譯
1	T	本緣部類	本緣部	T04n0199	04	0199	1	佛五百弟子自說本起經	西晉 竺法護譯
1	T	本緣部類	本緣部	T04n0200	04	0200	10	撰集百緣經	吳 支謙譯
1	T	本緣部類	本緣部	T04n0201	04	0201	15	大莊嚴論經	馬鳴菩薩造　後秦 鳩摩羅什譯
1	T	本緣部類	本緣部	T04n0202	04	0202	13	賢愚經	元魏 慧覺等譯
1	T	本緣部類	本緣部	T04n0203	04	0203	10	雜寶藏經	元魏 吉迦夜共曇曜譯
1	T	本緣部類	本緣部	T04n0204	04	0204	1	雜譬喻經	後漢 支婁迦讖譯
1	T	本緣部類	本緣部	T04n0205	04	0205	2	雜譬喻經	失譯
1	T	本緣部類	本緣部	T04n0206	04	0206	2	舊雜譬喻經	吳 康僧會譯
1	T	本緣部類	本緣部	T04n0207	04	0207	1	雜譬喻經	道略集
1	T	本緣部類	本緣部	T04n0208	04	0208	2	眾經撰雜譬喻	道略集　姚秦 鳩摩羅什譯
1	T	本緣部類	本緣部	T04n0209	04	0209	4	百喻經	僧伽斯那撰　蕭齊 求那毘地譯
1	T	本緣部類	本緣部	T04n0210	04	0210	2	法句經	法救撰　吳 維祇難等譯
1	T	本緣部類	本緣部	T04n0211	04	0211	4	法句譬喻經	晉世 法炬共法立譯
1	T	本緣部類	本緣部	T04n0212	04	0212	30	出曜經	姚秦 竺佛念譯
1	T	本緣部類	本緣部	T04n0213	04	0213	4	法集要頌經	法救集　宋 天息災譯
1	T	本緣部類	本緣部	T04n0214	04	0214	1	猘狗經	吳 支謙譯
1	T	本緣部類	本緣部	T04n0215	04	0215	1	群牛譬經	西晉 法炬譯
1	T	本緣部類	本緣部	T04n0216	04	0216	1	大魚事經	東晉 竺曇無蘭譯
1	T	本緣部類	本緣部	T04n0217	04	0217	1	譬喻經	唐 義淨譯
1	T	本緣部類	本緣部	T04n0218	04	0218	1	灌頂王喻經	宋 施護等譯
1	T	本緣部類	本緣部	T04n0219	04	0219	1	醫喻經	宋 施護譯
1	T	般若部類	般若部	T05n0220	05	0220	200	大般若波羅蜜多經(第1卷-第200卷)	唐 玄奘譯
1	T	般若部類	般若部	T06n0220	06	0220	200	大般若波羅蜜多經(第201卷-第400卷)	唐 玄奘譯
1	T	般若部類	般若部	T07n0220	07	0220	200	大般若波羅蜜多經(第401卷-第600卷)	唐 玄奘譯
1	T	般若部類	般若部	T08n0221	08	0221	20	放光般若經	西晉 無羅叉譯
1	T	般若部類	般若部	T08n0222	08	0222	10	光讚經	西晉 竺法護譯
1	T	般若部類	般若部	T08n0223	08	0223	27	摩訶般若波羅蜜經	後秦 鳩摩羅什譯
1	T	般若部類	般若部	T08n0224	08	0224	10	道行般若經	後漢 支婁迦讖譯
1	T	般若部類	般若部	T08n0225	08	0225	6	大明度經	吳 支謙譯
1	T	般若部類	般若部	T08n0226	08	0226	5	摩訶般若鈔經	前秦 曇摩蜱共竺佛念譯
1	T	般若部類	般若部	T08n0227	08	0227	10	小品般若波羅蜜經	後秦 鳩摩羅什譯
1	T	般若部類	般若部	T08n0228	08	0228	25	佛說佛母出生三法藏般若波羅蜜多經	宋 施護譯
1	T	般若部類	般若部	T08n0229	08	0229	3	佛說佛母寶德藏般若波羅蜜經	宋 法賢譯
1	T	般若部類	般若部	T08n0230	08	0230	1	聖八千頌般若波羅蜜多一百八名真實圓義陀羅尼經	宋 施護等譯
1	T	般若部類	般若部	T08n0231	08	0231	7	勝天王般若波羅蜜經	陳 月婆首那譯
1	T	般若部類	般若部	T08n0232	08	0232	2	文殊師利所說摩訶般若波羅蜜經	梁 曼陀羅仙譯
1	T	般若部類	般若部	T08n0233	08	0233	1	文殊師利所說般若波羅蜜經	梁 僧伽婆羅譯
1	T	般若部類	般若部	T08n0234	08	0234	2	佛說濡首菩薩無上清淨分衛經	宋 翔公譯
1	T	般若部類	般若部	T08n0235	08	0235	1	金剛般若波羅蜜經	後秦 鳩摩羅什譯
1	T	般若部類	般若部	T08n0236a	08	0236a	1	金剛般若波羅蜜經	元魏 菩提流支譯
1	T	般若部類	般若部	T08n0236b	08	0236b	1	金剛般若波羅蜜經	元魏 菩提流支譯
1	T	般若部類	般若部	T08n0237	08	0237	1	金剛般若波羅蜜經	陳 真諦譯
1	T	般若部類	般若部	T08n0238	08	0238	1	金剛能斷般若波羅蜜經	隋 笈多譯
1	T	般若部類	般若部	T08n0239	08	0239	1	佛說能斷金剛般若波羅蜜多經	唐 義淨譯
1	T	般若部類	般若部	T08n0240	08	0240	1	實相般若波羅蜜經	唐 菩提流志譯
1	T	般若部類	般若部	T08n0241	08	0241	1	金剛頂瑜伽理趣般若經	唐 金剛智譯
1	T	般若部類	般若部	T08n0242	08	0242	1	佛說遍照般若波羅蜜經	宋 施護譯
1	T	般若部類	般若部	T08n0243	08	0243	1	大樂金剛不空真實三麼耶經	唐 不空譯
1	T	般若部類	般若部	T08n0244	08	0244	7	佛說最上根本大樂金剛不空三昧大教王經	宋 法賢譯
1	T	般若部類	般若部	T08n0245	08	0245	2	佛說仁王般若波羅蜜經	後秦 鳩摩羅什譯
1	T	般若部類	般若部	T08n0246	08	0246	2	仁王護國般若波羅蜜多經	唐 不空譯
1	T	般若部類	般若部	T08n0247	08	0247	1	佛說了義般若波羅蜜多經	宋 施護譯
1	T	般若部類	般若部	T08n0248	08	0248	1	佛說五十頌聖般若波羅蜜經	宋 施護譯
1	T	般若部類	般若部	T08n0249	08	0249	1	佛說帝釋般若波羅蜜多心經	宋 施護譯
1	T	般若部類	般若部	T08n0250	08	0250	1	摩訶般若波羅蜜大明呪經	姚秦 鳩摩羅什譯
1	T	般若部類	般若部	T08n0251	08	0251	1	般若波羅蜜多心經	唐 玄奘譯
1	T	般若部類	般若部	T08n0252	08	0252	1	普遍智藏般若波羅蜜多心經	唐 法月重譯
1	T	般若部類	般若部	T08n0253	08	0253	1	般若波羅蜜多心經	唐 般若共利言等譯
1	T	般若部類	般若部	T08n0254	08	0254	1	般若波羅蜜多心經	唐 智慧輪譯
1	T	般若部類	般若部	T08n0255	08	0255	1	般若波羅蜜多心經	唐 法成譯
1	T	般若部類	般若部	T08n0256	08	0256	1	唐梵翻對字音般若波羅蜜多心經	
1	T	般若部類	般若部	T08n0257	08	0257	1	佛說聖佛母般若波羅蜜多經	宋 施護譯
1	T	般若部類	般若部	T08n0258	08	0258	1	佛說聖佛母小字般若波羅蜜多經	宋 天息災譯
1	T	般若部類	般若部	T08n0259	08	0259	1	佛說觀想佛母般若波羅蜜多菩薩經	宋 天息災譯
1	T	般若部類	般若部	T08n0260	08	0260	4	佛說開覺自性般若波羅蜜多經	宋 惟淨等譯
1	T	般若部類	般若部	T08n0261	08	0261	10	大乘理趣六波羅蜜多經	唐 般若譯
1	T	法華部類	法華部	T09n0262	09	0262	7	妙法蓮華經	姚秦 鳩摩羅什譯
1	T	法華部類	法華部	T09n0263	09	0263	10	正法華經	西晉 竺法護譯
1	T	法華部類	法華部	T09n0264	09	0264	7	添品妙法蓮華經	隋 闍那崛多共笈多譯
1	T	法華部類	法華部	T09n0265	09	0265	1	薩曇分陀利經	失譯
1	T	法華部類	法華部	T09n0266	09	0266	3	佛說阿惟越致遮經	西晉 竺法護譯
1	T	法華部類	法華部	T09n0267	09	0267	4	不退轉法輪經	失譯
1	T	法華部類	法華部	T09n0268	09	0268	6	佛說廣博嚴淨不退轉輪經	宋 智嚴譯
1	T	法華部類	法華部	T09n0269	09	0269	1	佛說法華三昧經	宋 智嚴譯
1	T	法華部類	法華部	T09n0270	09	0270	2	大法鼓經	劉宋 求那跋陀羅譯
1	T	法華部類	法華部	T09n0271	09	0271	3	佛說菩薩行方便境界神通變化經	劉宋 求那跋陀羅譯
1	T	法華部類	法華部	T09n0272	09	0272	10	大薩遮尼乾子所說經	元魏 菩提留支譯
1	T	法華部類	法華部	T09n0273	09	0273	1	金剛三昧經	失譯
1	T	法華部類	法華部	T09n0274	09	0274	1	佛說濟諸方等學經	西晉 竺法護譯
1	T	法華部類	法華部	T09n0275	09	0275	1	大乘方廣總持經	隋 毘尼多流支譯
1	T	法華部類	法華部	T09n0276	09	0276	1	無量義經	蕭齊 曇摩伽陀耶舍譯
1	T	法華部類	法華部	T09n0277	09	0277	1	佛說觀普賢菩薩行法經	劉宋 曇無蜜多譯
1	T	華嚴部類	華嚴部	T09n0278	09	0278	60	大方廣佛華嚴經	東晉 佛馱跋陀羅譯
1	T	華嚴部類	華嚴部	T10n0279	10	0279	80	大方廣佛華嚴經	唐 實叉難陀譯
1	T	華嚴部類	華嚴部	T10n0280	10	0280	1	佛說兜沙經	後漢 支婁迦讖譯
1	T	華嚴部類	華嚴部	T10n0281	10	0281	1	佛說菩薩本業經	吳 支謙譯
1	T	華嚴部類	華嚴部	T10n0282	10	0282	1	諸菩薩求佛本業經	西晉 聶道真譯
1	T	華嚴部類	華嚴部	T10n0283	10	0283	1	菩薩十住行道品	西晉 竺法護譯
1	T	華嚴部類	華嚴部	T10n0284	10	0284	1	佛說菩薩十住經	東晉 祇多蜜譯
1	T	華嚴部類	華嚴部	T10n0285	10	0285	5	漸備一切智德經	西晉 竺法護譯
1	T	華嚴部類	華嚴部	T10n0286	10	0286	4	十住經	姚秦 鳩摩羅什譯
1	T	華嚴部類	華嚴部	T10n0287	10	0287	9	佛說十地經	唐 尸羅達摩譯
1	T	華嚴部類	華嚴部	T10n0288	10	0288	3	等目菩薩所問三昧經	西晉 竺法護譯
1	T	華嚴部類	華嚴部	T10n0289	10	0289	1	顯無邊佛土功德經	唐 玄奘譯
1	T	華嚴部類	華嚴部	T10n0290	10	0290	1	佛說較量一切佛剎功德經	宋 法賢譯
1	T	華嚴部類	華嚴部	T10n0291	10	0291	4	佛說如來興顯經	西晉 竺法護譯
1	T	華嚴部類	華嚴部	T10n0292	10	0292	6	度世品經	西晉 竺法護譯
1	T	華嚴部類	華嚴部	T10n0293	10	0293	40	大方廣佛華嚴經	唐 般若譯
1	T	華嚴部類	華嚴部	T10n0294	10	0294	3	佛說羅摩伽經	西秦 聖堅譯
1	T	華嚴部類	華嚴部	T10n0295	10	0295	1	大方廣佛華嚴經入法界品	唐 地婆訶羅譯
1	T	華嚴部類	華嚴部	T10n0296	10	0296	1	文殊師利發願經	東晉 佛陀跋陀羅譯
1	T	華嚴部類	華嚴部	T10n0297	10	0297	1	普賢菩薩行願讚	唐 不空譯
1	T	華嚴部類	華嚴部	T10n0298	10	0298	1	大方廣普賢所說經	唐 實叉難陀譯
1	T	華嚴部類	華嚴部	T10n0299	10	0299	5	大方廣總持寶光明經	宋 法天譯
1	T	華嚴部類	華嚴部	T10n0300	10	0300	1	大方廣佛華嚴經不思議佛境界分	唐 提雲般若譯
1	T	華嚴部類	華嚴部	T10n0301	10	0301	1	大方廣如來不思議境界經	唐 實叉難陀譯
1	T	華嚴部類	華嚴部	T10n0302	10	0302	1	度諸佛境界智光嚴經	失譯
1	T	華嚴部類	華嚴部	T10n0303	10	0303	2	佛華嚴入如來德智不思議境界經	隋 闍那崛多譯
1	T	華嚴部類	華嚴部	T10n0304	10	0304	1	大方廣入如來智德不思議經	唐 實叉難陀譯
1	T	華嚴部類	華嚴部	T10n0305	10	0305	5	信力入印法門經	元魏 曇摩流支譯
1	T	華嚴部類	華嚴部	T10n0306	10	0306	1	大方廣佛花嚴經修慈分	唐 提雲般若等譯
1	T	華嚴部類	華嚴部	T10n0307	10	0307	1	佛說莊嚴菩提心經	姚秦 鳩摩羅什譯
1	T	華嚴部類	華嚴部	T10n0308	10	0308	1	佛說大方廣菩薩十地經	元魏 吉迦夜譯
1	T	華嚴部類	華嚴部	T10n0309	10	0309	10	最勝問菩薩十住除垢斷結經	姚秦 竺佛念譯
1	T	寶積部類	寶積部	T11n0310	11	0310	120	大寶積經	唐 菩提流志譯
1	T	寶積部類	寶積部	T11n0311	11	0311	3	大方廣三戒經	北涼 曇無讖譯
1	T	寶積部類	寶積部	T11n0312	11	0312	20	佛說如來不思議祕密大乘經	宋 法護．惟淨譯
1	T	寶積部類	寶積部	T11n0313	11	0313	2	阿閦佛國經	後漢 支婁迦讖譯
1	T	寶積部類	寶積部	T11n0314	11	0314	1	佛說大乘十法經	梁 僧伽婆羅譯
1	T	寶積部類	寶積部	T11n0315a	11	0315a	1	佛說普門品經	西晉 竺法護譯
1	T	寶積部類	寶積部	T11n0315b	11	0315b	1	佛說普門品經	西晉 竺法護譯
1	T	寶積部類	寶積部	T11n0316	11	0316	40	佛說大乘菩薩藏正法經	宋 法護等譯
1	T	寶積部類	寶積部	T11n0317	11	0317	1	佛說胞胎經	西晉 竺法護譯
1	T	寶積部類	寶積部	T11n0318	11	0318	2	文殊師利佛土嚴淨經	西晉 竺法護譯
1	T	寶積部類	寶積部	T11n0319	11	0319	3	大聖文殊師利菩薩佛剎功德莊嚴經	唐 不空譯
1	T	寶積部類	寶積部	T11n0320	11	0320	20	父子合集經	宋 日稱等譯
1	T	寶積部類	寶積部	T12n0321	12	0321	4	佛說護國尊者所問大乘經	宋 施護譯
1	T	寶積部類	寶積部	T12n0322	12	0322	1	法鏡經	後漢 安玄譯
1	T	寶積部類	寶積部	T12n0323	12	0323	1	郁迦羅越問菩薩行經	西晉 竺法護譯
1	T	寶積部類	寶積部	T12n0324	12	0324	1	佛說幻士仁賢經	西晉 竺法護譯
1	T	寶積部類	寶積部	T12n0325	12	0325	1	佛說決定毘尼經	西晉 燉煌三藏譯
1	T	寶積部類	寶積部	T12n0326	12	0326	1	佛說三十五佛名禮懺文	唐 不空譯
1	T	寶積部類	寶積部	T12n0327	12	0327	2	發覺淨心經	隋 闍那崛多譯
1	T	寶積部類	寶積部	T12n0328	12	0328	1	佛說須賴經	曹魏 白延譯
1	T	寶積部類	寶積部	T12n0329	12	0329	1	佛說須賴經	前涼 支施崙譯
1	T	寶積部類	寶積部	T12n0330	12	0330	1	佛說菩薩修行經	西晉 白法祖譯
1	T	寶積部類	寶積部	T12n0331	12	0331	3	佛說無畏授所問大乘經	宋 施護等譯
1	T	寶積部類	寶積部	T12n0332	12	0332	1	佛說優填王經	西晉 法炬譯
1	T	寶積部類	寶積部	T12n0333	12	0333	1	佛說大乘日子王所問經	宋 法天譯
1	T	寶積部類	寶積部	T12n0334	12	0334	1	佛說須摩提菩薩經	西晉 竺法護譯
1	T	寶積部類	寶積部	T12n0335	12	0335	1	佛說須摩提菩薩經	姚秦 鳩摩羅什譯
1	T	寶積部類	寶積部	T12n0336	12	0336	1	須摩提經	唐 菩提流志譯
1	T	寶積部類	寶積部	T12n0337	12	0337	1	佛說阿闍貰王女阿術達菩薩經	西晉 竺法護譯
1	T	寶積部類	寶積部	T12n0338	12	0338	1	佛說離垢施女經	西晉 竺法護譯
1	T	寶積部類	寶積部	T12n0339	12	0339	1	得無垢女經	元魏 瞿曇般若流支譯
1	T	寶積部類	寶積部	T12n0340	12	0340	2	文殊師利所說不思議佛境界經	唐 菩提流志譯
1	T	寶積部類	寶積部	T12n0341	12	0341	3	聖善住意天子所問經	元魏 毘目智仙共般若流支譯
1	T	寶積部類	寶積部	T12n0342	12	0342	2	佛說如幻三昧經	西晉 竺法護譯
1	T	寶積部類	寶積部	T12n0343	12	0343	1	佛說太子刷護經	西晉 竺法護譯
1	T	寶積部類	寶積部	T12n0344	12	0344	1	佛說太子和休經	失譯
1	T	寶積部類	寶積部	T12n0345	12	0345	2	慧上菩薩問大善權經	西晉 竺法護譯
1	T	寶積部類	寶積部	T12n0346	12	0346	4	佛說大方廣善巧方便經	宋 施護譯
1	T	寶積部類	寶積部	T12n0347	12	0347	2	大乘顯識經	唐 地婆訶羅譯
1	T	寶積部類	寶積部	T12n0348	12	0348	1	佛說大乘方等要慧經	後漢 安世高譯
1	T	寶積部類	寶積部	T12n0349	12	0349	1	彌勒菩薩所問本願經	西晉 竺法護譯
1	T	寶積部類	寶積部	T12n0350	12	0350	1	佛說遺日摩尼寶經	後漢 支婁迦讖譯
1	T	寶積部類	寶積部	T12n0351	12	0351	1	佛說摩訶衍寶嚴經	失譯
1	T	寶積部類	寶積部	T12n0352	12	0352	5	佛說大迦葉問大寶積正法經	宋 施護譯
1	T	寶積部類	寶積部	T12n0353	12	0353	1	勝鬘師子吼一乘大方便方廣經	劉宋 求那跋陀羅譯
1	T	寶積部類	寶積部	T12n0354	12	0354	2	毘耶娑問經	元魏 瞿曇般若流支譯
1	T	寶積部類	寶積部	T12n0355	12	0355	1	入法界體性經	隋 闍那崛多譯
1	T	寶積部類	寶積部	T12n0356	12	0356	1	佛說寶積三昧文殊師利菩薩問法身經	後漢 安世高譯
1	T	寶積部類	寶積部	T12n0357	12	0357	2	如來莊嚴智慧光明入一切佛境界經	元魏 曇摩流支譯
1	T	寶積部類	寶積部	T12n0358	12	0358	1	度一切諸佛境界智嚴經	梁 僧伽婆羅等譯
1	T	寶積部類	寶積部	T12n0359	12	0359	5	佛說大乘入諸佛境界智光明莊嚴經	宋 法護等譯
1	T	淨土宗部類	寶積部	T12n0360	12	0360	2	佛說無量壽經	曹魏 康僧鎧譯
1	T	淨土宗部類	寶積部	T12n0361	12	0361	4	佛說無量清淨平等覺經	後漢 支婁迦讖譯
1	T	淨土宗部類	寶積部	T12n0362	12	0362	2	佛說阿彌陀三耶三佛薩樓佛檀過度人道經	吳 支謙譯
1	T	淨土宗部類	寶積部	T12n0363	12	0363	3	佛說大乘無量壽莊嚴經	宋 法賢譯
1	T	淨土宗部類	寶積部	T12n0364	12	0364	2	佛說大阿彌陀經	宋 王日休校輯
1	T	淨土宗部類	寶積部	T12n0365	12	0365	1	佛說觀無量壽佛經	宋 畺良耶舍譯
1	T	淨土宗部類	寶積部	T12n0366	12	0366	1	佛說阿彌陀經	姚秦 鳩摩羅什譯
1	T	淨土宗部類	寶積部	T12n0367	12	0367	1	稱讚淨土佛攝受經	唐 玄奘譯
1	T	淨土宗部類	寶積部	T12n0368	12	0368	1	拔一切業障根本得生淨土神呪	劉宋 求那跋陀羅重譯
1	T	淨土宗部類	寶積部	T12n0369	12	0369	1	阿彌陀佛說呪	
1	T	淨土宗部類	寶積部	T12n0370	12	0370	1	阿彌陀鼓音聲王陀羅尼經	失譯
1	T	淨土宗部類	寶積部	T12n0371	12	0371	1	觀世音菩薩授記經	宋 曇無竭譯
1	T	淨土宗部類	寶積部	T12n0372	12	0372	3	佛說如幻三摩地無量印法門經	宋 施護等譯
1	T	淨土宗部類	寶積部	T12n0373	12	0373	1	後出阿彌陀佛偈	失譯
1	T	涅槃部類	涅槃部	T12n0374	12	0374	40	大般涅槃經	北涼 曇無讖譯
1	T	涅槃部類	涅槃部	T12n0375	12	0375	36	大般涅槃經	宋 慧嚴等依泥洹經加之
1	T	涅槃部類	涅槃部	T12n0376	12	0376	6	佛說大般泥洹經	東晉 法顯譯
1	T	涅槃部類	涅槃部	T12n0377	12	0377	2	大般涅槃經後分	唐 若那跋陀羅譯
1	T	涅槃部類	涅槃部	T12n0378	12	0378	2	佛說方等般泥洹經	西晉 竺法護譯
1	T	涅槃部類	涅槃部	T12n0379	12	0379	3	四童子三昧經	隋 闍那崛多譯
1	T	涅槃部類	涅槃部	T12n0380	12	0380	5	大悲經	高齊 那連提耶舍譯
1	T	涅槃部類	涅槃部	T12n0381	12	0381	3	等集眾德三昧經	西晉 竺法護譯
1	T	涅槃部類	涅槃部	T12n0382	12	0382	3	集一切福德三昧經	姚秦 鳩摩羅什譯
1	T	涅槃部類	涅槃部	T12n0383	12	0383	2	摩訶摩耶經	蕭齊 曇景譯
1	T	涅槃部類	涅槃部	T12n0384	12	0384	7	菩薩從兜術天降神母胎說廣普經	姚秦 竺佛念譯
1	T	涅槃部類	涅槃部	T12n0385	12	0385	2	中陰經	姚秦 竺佛念譯
1	T	涅槃部類	涅槃部	T12n0386	12	0386	2	蓮華面經	隋 那連提耶舍譯
1	T	涅槃部類	涅槃部	T12n0387	12	0387	6	大方等無想經	北涼 曇無讖譯
1	T	涅槃部類	涅槃部	T12n0388	12	0388	1	大雲無想經卷第九	姚秦 竺佛念譯
1	T	涅槃部類	涅槃部	T12n0389	12	0389	1	佛垂般涅槃略說教誡經	姚秦 鳩摩羅什譯
1	T	涅槃部類	涅槃部	T12n0390	12	0390	1	佛臨涅槃記法住經	唐 玄奘譯
1	T	涅槃部類	涅槃部	T12n0391	12	0391	1	般泥洹後灌臘經	西晉 竺法護譯
1	T	涅槃部類	涅槃部	T12n0392	12	0392	1	佛滅度後棺斂葬送經	失譯
1	T	涅槃部類	涅槃部	T12n0393	12	0393	1	迦葉赴佛般涅槃經	東晉 竺曇無蘭譯
1	T	涅槃部類	涅槃部	T12n0394	12	0394	1	佛入涅槃密迹金剛力士哀戀經	失譯
1	T	涅槃部類	涅槃部	T12n0395	12	0395	1	佛說當來變經	西晉 竺法護譯
1	T	涅槃部類	涅槃部	T12n0396	12	0396	1	佛說法滅盡經	失譯
1	T	大集部類	大集部	T13n0397	13	0397	60	大方等大集經	北涼 曇無讖譯
1	T	大集部類	大集部	T13n0398	13	0398	8	大哀經	西晉 竺法護譯
1	T	大集部類	大集部	T13n0399	13	0399	4	寶女所問經	西晉 竺法護譯
1	T	大集部類	大集部	T13n0400	13	0400	18	佛說海意菩薩所問淨印法門經	宋 惟淨等譯
1	T	大集部類	大集部	T13n0401	13	0401	2	佛說無言童子經	西晉 竺法護譯
1	T	大集部類	大集部	T13n0402	13	0402	10	寶星陀羅尼經	唐 波羅頗蜜多羅譯
1	T	大集部類	大集部	T13n0403	13	0403	7	阿差末菩薩經	西晉 竺法護譯
1	T	大集部類	大集部	T13n0404	13	0404	8	大集大虛空藏菩薩所問經	唐 不空譯
1	T	大集部類	大集部	T13n0405	13	0405	1	虛空藏菩薩經	姚秦 佛陀耶舍譯
1	T	大集部類	大集部	T13n0406	13	0406	1	虛空藏菩薩神呪經	失譯
1	T	大集部類	大集部	T13n0407	13	0407	1	虛空藏菩薩神呪經	宋 曇摩蜜多譯
1	T	大集部類	大集部	T13n0408	13	0408	2	虛空孕菩薩經	隋 闍那崛多譯
1	T	大集部類	大集部	T13n0409	13	0409	1	觀虛空藏菩薩經	劉宋 曇摩蜜多譯
1	T	大集部類	大集部	T13n0410	13	0410	8	大方廣十輪經	失譯
1	T	大集部類	大集部	T13n0411	13	0411	10	大乘大集地藏十輪經	唐 玄奘譯
1	T	大集部類	大集部	T13n0412	13	0412	2	地藏菩薩本願經	唐 實叉難陀譯
1	T	大集部類	大集部	T13n0413	13	0413	1	百千頌大集經地藏菩薩請問法身讚	唐 不空譯
1	T	大集部類	大集部	T13n0414	13	0414	5	菩薩念佛三昧經	劉宋 功德直譯
1	T	大集部類	大集部	T13n0415	13	0415	10	大方等大集經菩薩念佛三昧分	隋 達磨笈多譯
1	T	大集部類	大集部	T13n0416	13	0416	5	大方等大集經賢護分	隋 闍那崛多譯
1	T	大集部類	大集部	T13n0417	13	0417	1	佛說般舟三昧經	後漢 支婁迦讖譯
1	T	大集部類	大集部	T13n0418	13	0418	3	般舟三昧經	後漢 支婁迦讖譯
1	T	大集部類	大集部	T13n0419	13	0419	1	拔陂菩薩經	失譯
1	T	大集部類	大集部	T13n0420	13	0420	2	自在王菩薩經	姚秦 鳩摩羅什譯
1	T	大集部類	大集部	T13n0421	13	0421	2	奮迅王問經	元魏 瞿曇般若流支譯
1	T	大集部類	大集部	T13n0422	13	0422	2	大集譬喻王經	隋 闍那崛多譯
1	T	大集部類	大集部	T13n0423	13	0423	4	僧伽吒經	元魏 月婆首那譯
1	T	大集部類	大集部	T13n0424	13	0424	5	大集會正法經	宋 施護譯
1	T	經集部類	經集部	T14n0425	14	0425	8	賢劫經	西晉 竺法護譯
1	T	經集部類	經集部	T14n0426	14	0426	1	佛說千佛因緣經	後秦 鳩摩羅什譯
1	T	經集部類	經集部	T14n0427	14	0427	1	佛說八吉祥神呪經	吳 支謙譯
1	T	經集部類	經集部	T14n0428	14	0428	1	佛說八陽神呪經	西晉 竺法護譯
1	T	經集部類	經集部	T14n0429	14	0429	1	佛說八部佛名經	元魏 瞿曇般若流支譯
1	T	經集部類	經集部	T14n0430	14	0430	1	八吉祥經	梁 僧伽婆羅譯
1	T	經集部類	經集部	T14n0431	14	0431	1	八佛名號經	隋 闍那崛多譯
1	T	經集部類	經集部	T14n0432	14	0432	1	佛說十吉祥經	失譯
1	T	經集部類	經集部	T14n0433	14	0433	1	佛說寶網經	西晉 竺法護譯
1	T	經集部類	經集部	T14n0434	14	0434	3	佛說稱揚諸佛功德經	元魏 吉迦夜譯
1	T	經集部類	經集部	T14n0435	14	0435	1	佛說滅十方冥經	西晉 竺法護譯
1	T	經集部類	經集部	T14n0436	14	0436	1	受持七佛名號所生功德經	唐 玄奘譯
1	T	經集部類	經集部	T14n0437	14	0437	1	大乘寶月童子問法經	宋 施護譯
1	T	經集部類	經集部	T14n0438	14	0438	2	佛說大乘大方廣佛冠經	宋 法護等譯
1	T	經集部類	經集部	T14n0439	14	0439	1	佛說諸佛經	宋 施護譯
1	T	經集部類	經集部	T14n0440	14	0440	12	佛說佛名經	元魏 菩提流支譯
1	T	經集部類	經集部	T14n0441	14	0441	30	佛說佛名經	
1	T	經集部類	經集部	T14n0442	14	0442	1	十方千五百佛名經	失譯
1	T	經集部類	經集部	T14n0443	14	0443	8	五千五百佛名神呪除障滅罪經	隋 闍那崛多譯
1	T	經集部類	經集部	T14n0444	14	0444	1	佛說百佛名經	隋 那連提耶舍譯
1	T	經集部類	經集部	T14n0445	14	0445	2	佛說不思議功德諸佛所護念經	失譯
1	T	經集部類	經集部	T14n0446a	14	0446a	1	過去莊嚴劫千佛名經	闕譯
1	T	經集部類	經集部	T14n0446b	14	0446b	1	過去莊嚴劫千佛名經	失譯
1	T	經集部類	經集部	T14n0447a	14	0447a	1	現在賢劫千佛名經	闕譯
1	T	經集部類	經集部	T14n0447b	14	0447b	1	現在賢劫千佛名經	
1	T	經集部類	經集部	T14n0448a	14	0448a	1	未來星宿劫千佛名經	闕譯
1	T	經集部類	經集部	T14n0448b	14	0448b	1	未來星宿劫千佛名經	失譯
1	T	經集部類	經集部	T14n0449	14	0449	1	佛說藥師如來本願經	隋 達摩笈多譯
1	T	經集部類	經集部	T14n0450	14	0450	1	藥師琉璃光如來本願功德經	唐 玄奘譯
1	T	經集部類	經集部	T14n0451	14	0451	2	藥師琉璃光七佛本願功德經	唐 義淨譯
1	T	經集部類	經集部	T14n0452	14	0452	1	佛說觀彌勒菩薩上生兜率天經	宋 沮渠京聲譯
1	T	經集部類	經集部	T14n0453	14	0453	1	佛說彌勒下生經	西晉 竺法護譯
1	T	經集部類	經集部	T14n0454	14	0454	1	佛說彌勒下生成佛經	後秦 鳩摩羅什譯
1	T	經集部類	經集部	T14n0455	14	0455	1	佛說彌勒下生成佛經	唐 義淨譯
1	T	經集部類	經集部	T14n0456	14	0456	1	佛說彌勒大成佛經	姚秦 鳩摩羅什譯
1	T	經集部類	經集部	T14n0457	14	0457	1	佛說彌勒來時經	失譯
1	T	經集部類	經集部	T14n0458	14	0458	1	文殊師利問菩薩署經	後漢 支婁迦讖譯
1	T	經集部類	經集部	T14n0459	14	0459	1	佛說文殊悔過經	西晉 竺法護譯
1	T	經集部類	經集部	T14n0460	14	0460	1	佛說文殊師利淨律經	西晉 竺法護譯
1	T	經集部類	經集部	T14n0461	14	0461	2	佛說文殊師利現寶藏經	西晉 竺法護譯
1	T	經集部類	經集部	T14n0462	14	0462	3	大方廣寶篋經	劉宋 求那跋陀羅譯
1	T	經集部類	經集部	T14n0463	14	0463	1	佛說文殊師利般涅槃經	西晉 聶道真譯
1	T	經集部類	經集部	T14n0464	14	0464	1	文殊師利問菩提經	姚秦 鳩摩羅什譯
1	T	經集部類	經集部	T14n0465	14	0465	1	伽耶山頂經	元魏 菩提流支譯
1	T	經集部類	經集部	T14n0466	14	0466	1	佛說象頭精舍經	隋 毘尼多流支譯
1	T	經集部類	經集部	T14n0467	14	0467	1	大乘伽耶山頂經	唐 菩提流志譯
1	T	經集部類	經集部	T14n0468	14	0468	2	文殊師利問經	梁 僧伽婆羅譯
1	T	經集部類	經集部	T14n0469	14	0469	1	文殊問經字母品第十四	唐 不空譯
1	T	經集部類	經集部	T14n0470	14	0470	1	佛說文殊師利巡行經	元魏 菩提流支譯
1	T	經集部類	經集部	T14n0471	14	0471	1	佛說文殊師利行經	隋 豆那掘多譯
1	T	經集部類	經集部	T14n0472	14	0472	1	佛說大乘善見變化文殊師利問法經	宋 天息災譯
1	T	經集部類	經集部	T14n0473	14	0473	1	佛說妙吉祥菩薩所問大乘法螺經	宋 法賢譯
1	T	經集部類	經集部	T14n0474	14	0474	2	佛說維摩詰經	吳 支謙譯
1	T	經集部類	經集部	T14n0475	14	0475	3	維摩詰所說經	姚秦 鳩摩羅什譯
1	T	經集部類	經集部	T14n0476	14	0476	6	說無垢稱經	唐 玄奘譯
1	T	經集部類	經集部	T14n0477	14	0477	1	佛說大方等頂王經	西晉 竺法護譯
1	T	經集部類	經集部	T14n0478	14	0478	1	大乘頂王經	梁 月婆首那譯
1	T	經集部類	經集部	T14n0479	14	0479	2	善思童子經	隋 闍那崛多譯
1	T	經集部類	經集部	T14n0480	14	0480	2	佛說月上女經	隋 闍那崛多譯
1	T	經集部類	經集部	T14n0481	14	0481	4	持人菩薩經	西晉 竺法護譯
1	T	經集部類	經集部	T14n0482	14	0482	4	持世經	姚秦 鳩摩羅什譯
1	T	經集部類	經集部	T14n0483	14	0483	1	三曼陀跋陀羅菩薩經	西晉 聶道真譯
1	T	經集部類	經集部	T14n0484	14	0484	1	不思議光菩薩所說經	後秦 鳩摩羅什譯
1	T	經集部類	經集部	T14n0485	14	0485	4	無所有菩薩經	隋 闍那崛多等譯
1	T	經集部類	經集部	T14n0486	14	0486	1	師子莊嚴王菩薩請問經	唐 那提譯
1	T	經集部類	經集部	T14n0487	14	0487	1	離垢慧菩薩所問禮佛法經	唐 那提譯
1	T	經集部類	經集部	T14n0488	14	0488	1	寶授菩薩菩提行經	宋 法賢譯
1	T	經集部類	經集部	T14n0489	14	0489	20	佛說除蓋障菩薩所問經	宋 法護等譯
1	T	經集部類	經集部	T14n0490	14	0490	1	佛說八大菩薩經	宋 法賢譯
1	T	經集部類	經集部	T14n0491	14	0491	1	六菩薩亦當誦持經	失譯
1	T	經集部類	經集部	T14n0492a	14	0492a	1	佛說阿難問事佛吉凶經	後漢 安世高譯
1	T	經集部類	經集部	T14n0492b	14	0492b	1	阿難問事佛吉凶經	後漢 安世高譯
1	T	經集部類	經集部	T14n0493	14	0493	1	佛說阿難四事經	吳 支謙譯
1	T	經集部類	經集部	T14n0494	14	0494	1	阿難七夢經	東晉 竺曇無蘭譯
1	T	經集部類	經集部	T14n0495	14	0495	1	佛說阿難分別經	乞伏秦 法堅譯
1	T	經集部類	經集部	T14n0496	14	0496	1	佛說大迦葉本經	西晉 竺法護譯
1	T	經集部類	經集部	T14n0497	14	0497	1	佛說摩訶迦葉度貧母經	劉宋 求那跋陀羅譯
1	T	經集部類	經集部	T14n0498	14	0498	2	佛說初分說經	宋 施護譯
1	T	經集部類	經集部	T14n0499	14	0499	1	佛為阿支羅迦葉自化作苦經	失譯
1	T	經集部類	經集部	T14n0500	14	0500	1	羅云忍辱經	西晉 法炬譯
1	T	經集部類	經集部	T14n0501	14	0501	1	佛說沙曷比丘功德經	西晉 法炬譯
1	T	經集部類	經集部	T14n0502	14	0502	1	佛為年少比丘說正事經	西晉 法炬譯
1	T	經集部類	經集部	T14n0503	14	0503	1	比丘避女惡名欲自殺經	西晉 法炬譯
1	T	經集部類	經集部	T14n0504	14	0504	1	比丘聽施經	東晉 曇無蘭譯
1	T	經集部類	經集部	T14n0505	14	0505	1	佛說隨勇尊者經	宋 施護等譯
1	T	經集部類	經集部	T14n0506	14	0506	1	犍陀國王經	後漢 安世高譯
1	T	經集部類	經集部	T14n0507	14	0507	1	佛說未生冤經	吳 支謙譯
1	T	經集部類	經集部	T14n0508	14	0508	1	阿闍世王問五逆經	西晉 法炬譯
1	T	經集部類	經集部	T14n0509	14	0509	1	阿闍世王授決經	西晉 法炬譯
1	T	經集部類	經集部	T14n0510	14	0510	1	採花違王上佛授決號妙花經	東晉 竺曇無蘭譯
1	T	經集部類	經集部	T14n0511	14	0511	1	佛說蓱沙王五願經	吳 支謙譯
1	T	經集部類	經集部	T14n0512	14	0512	1	佛說淨飯王般涅槃經	劉宋 沮渠京聲譯
1	T	經集部類	經集部	T14n0513	14	0513	1	佛說琉璃王經	西晉 竺法護譯
1	T	經集部類	經集部	T14n0514	14	0514	1	佛說諫王經	劉宋 沮渠京聲譯
1	T	經集部類	經集部	T14n0515	14	0515	1	如來示教勝軍王經	唐 玄奘譯
1	T	經集部類	經集部	T14n0516	14	0516	1	佛說勝軍王所問經	宋 施護譯
1	T	經集部類	經集部	T14n0517	14	0517	1	佛說末羅王經	劉宋 沮渠京聲譯
1	T	經集部類	經集部	T14n0518	14	0518	1	佛說旃陀越國王經	劉宋 沮渠京聲譯
1	T	經集部類	經集部	T14n0519	14	0519	1	佛說摩達國王經	劉宋 沮渠京聲譯
1	T	經集部類	經集部	T14n0520	14	0520	1	佛說薩羅國經	失譯
1	T	經集部類	經集部	T14n0521	14	0521	1	佛說梵摩難國王經	失譯
1	T	經集部類	經集部	T14n0522	14	0522	1	普達王經	失譯
1	T	經集部類	經集部	T14n0523	14	0523	1	佛說五王經	失譯
1	T	經集部類	經集部	T14n0524	14	0524	1	佛為優填王說王法政論經	唐 不空譯
1	T	經集部類	經集部	T14n0525	14	0525	1	佛說長者子懊惱三處經	後漢 安世高譯
1	T	經集部類	經集部	T14n0526	14	0526	1	佛說長者子制經	後漢 安世高譯
1	T	經集部類	經集部	T14n0527	14	0527	1	佛說逝童子經	西晉 支法度譯
1	T	經集部類	經集部	T14n0528	14	0528	1	佛說菩薩逝經	西晉 白法祖譯
1	T	經集部類	經集部	T14n0529	14	0529	1	佛說阿鳩留經	失譯
1	T	經集部類	經集部	T14n0530	14	0530	1	佛說須摩提長者經	吳 支謙譯
1	T	經集部類	經集部	T14n0531	14	0531	1	佛說長者音悅經	吳 支謙譯
1	T	經集部類	經集部	T14n0532	14	0532	1	私呵昧經	吳 支謙譯
1	T	經集部類	經集部	T14n0533	14	0533	1	菩薩生地經	吳 支謙譯
1	T	經集部類	經集部	T14n0534	14	0534	1	佛說月光童子經	西晉 竺法護譯
1	T	經集部類	經集部	T14n0535	14	0535	1	佛說申日經	西晉 竺法護譯
1	T	經集部類	經集部	T14n0536	14	0536	1	申日兒本經	劉宋 求那跋陀羅譯
1	T	經集部類	經集部	T14n0537	14	0537	1	佛說越難經	西晉 聶承遠譯
1	T	經集部類	經集部	T14n0538	14	0538	1	佛說呵雕阿那鋡經	東晉 竺曇無蘭譯
1	T	經集部類	經集部	T14n0539	14	0539	1	盧至長者因緣經	失譯
1	T	經集部類	經集部	T14n0540a	14	0540a	1	佛說樹提伽經	劉宋 求那跋陀羅譯
1	T	經集部類	經集部	T14n0540b	14	0540b	1	佛說樹提伽經	劉宋 求那跋陀羅譯
1	T	經集部類	經集部	T14n0541	14	0541	1	佛說佛大僧大經	劉宋 沮渠京聲譯
1	T	經集部類	經集部	T14n0542	14	0542	1	佛說耶祇經	劉宋 沮渠京聲譯
1	T	經集部類	經集部	T14n0543	14	0543	3	佛說巨力長者所問大乘經	宋 智吉祥等譯
1	T	經集部類	經集部	T14n0544	14	0544	1	辯意長者子經	後魏 法場譯
1	T	經集部類	經集部	T14n0545	14	0545	2	佛說德護長者經	隋 那連提耶舍譯
1	T	經集部類	經集部	T14n0546	14	0546	1	佛說金耀童子經	宋 天息災譯
1	T	經集部類	經集部	T14n0547	14	0547	1	大花嚴長者問佛那羅延力經	唐 般若共利言譯
1	T	經集部類	經集部	T14n0548	14	0548	1	佛說金光王童子經	宋 法賢譯
1	T	經集部類	經集部	T14n0549	14	0549	4	佛說光明童子因緣經	宋 施護譯
1	T	經集部類	經集部	T14n0550	14	0550	12	金色童子因緣經	宋 惟淨等譯
1	T	經集部類	經集部	T14n0551	14	0551	1	佛說摩鄧女經	後漢 安世高譯
1	T	經集部類	經集部	T14n0552	14	0552	1	佛說摩登女解形中六事經	失譯
1	T	經集部類	經集部	T14n0553	14	0553	1	佛說㮈女祇域因緣經	後漢 安世高譯
1	T	經集部類	經集部	T14n0554	14	0554	1	佛說奈女耆婆經	後漢 安世高譯
1	T	經集部類	經集部	T14n0555a	14	0555a	1	五母子經	吳 支謙譯
1	T	經集部類	經集部	T14n0555b	14	0555b	1	五母子經	吳 支謙譯
1	T	經集部類	經集部	T14n0556	14	0556	1	佛說七女經	吳 支謙譯
1	T	經集部類	經集部	T14n0557	14	0557	1	佛說龍施女經	吳 支謙譯
1	T	經集部類	經集部	T14n0558	14	0558	1	佛說龍施菩薩本起經	西晉 竺法護譯
1	T	經集部類	經集部	T14n0559	14	0559	1	佛說老女人經	吳 支謙譯
1	T	經集部類	經集部	T14n0560	14	0560	1	佛說老母女六英經	劉宋 求那跋陀羅譯
1	T	經集部類	經集部	T14n0561	14	0561	1	佛說老母經	失譯
1	T	經集部類	經集部	T14n0562	14	0562	1	佛說無垢賢女經	西晉 竺法護譯
1	T	經集部類	經集部	T14n0563	14	0563	1	佛說腹中女聽經	北涼 曇無讖譯
1	T	經集部類	經集部	T14n0564	14	0564	1	佛說轉女身經	劉宋 曇摩蜜多譯
1	T	經集部類	經集部	T14n0565	14	0565	2	順權方便經	西晉 竺法護譯
1	T	經集部類	經集部	T14n0566	14	0566	1	樂瓔珞莊嚴方便品經	姚秦 曇摩耶舍譯
1	T	經集部類	經集部	T14n0567	14	0567	1	佛說梵志女首意經	西晉 竺法護譯
1	T	經集部類	經集部	T14n0568	14	0568	1	有德女所問大乘經	唐 菩提流志譯
1	T	經集部類	經集部	T14n0569	14	0569	1	佛說心明經	西晉 竺法護譯
1	T	經集部類	經集部	T14n0570	14	0570	1	佛說賢首經	西秦 聖堅譯
1	T	經集部類	經集部	T14n0571	14	0571	1	佛說婦人遇辜經	乞伏秦 聖堅譯
1	T	經集部類	經集部	T14n0572	14	0572	1	佛說長者法志妻經	失譯
1	T	經集部類	經集部	T14n0573	14	0573	1	差摩婆帝授記經	元魏 菩提流支譯
1	T	經集部類	經集部	T14n0574	14	0574	1	佛說堅固女經	隋 那連提耶舍譯
1	T	經集部類	經集部	T14n0575	14	0575	1	佛說大方等修多羅王經	後魏 菩提流支譯
1	T	經集部類	經集部	T14n0576	14	0576	1	佛說轉有經	元魏 佛陀扇多譯
1	T	經集部類	經集部	T14n0577	14	0577	1	佛說大乘流轉諸有經	唐 義淨譯
1	T	經集部類	經集部	T14n0578	14	0578	1	無垢優婆夷問經	後魏 瞿曇般若流支譯
1	T	經集部類	經集部	T14n0579	14	0579	2	優婆夷淨行法門經	失譯
1	T	經集部類	經集部	T14n0580	14	0580	1	佛說長者女菴提遮師子吼了義經	失譯
1	T	經集部類	經集部	T14n0581	14	0581	1	佛說八師經	吳 支謙譯
1	T	經集部類	經集部	T14n0582	14	0582	1	佛說孫多耶致經	吳 支謙譯
1	T	經集部類	經集部	T14n0583	14	0583	1	佛說黑氏梵志經	吳 支謙譯
1	T	經集部類	經集部	T14n0584	14	0584	1	長爪梵志請問經	唐 義淨譯
1	T	經集部類	經集部	T15n0585	15	0585	4	持心梵天所問經	西晉 竺法護譯
1	T	經集部類	經集部	T15n0586	15	0586	4	思益梵天所問經	姚秦 鳩摩羅什譯
1	T	經集部類	經集部	T15n0587	15	0587	6	勝思惟梵天所問經	元魏 菩提流支譯
1	T	經集部類	經集部	T15n0588	15	0588	4	佛說須真天子經	西晉 竺法護譯
1	T	經集部類	經集部	T15n0589	15	0589	1	佛說魔逆經	西晉 竺法護譯
1	T	經集部類	經集部	T15n0590	15	0590	1	佛說四天王經	劉宋 智嚴共寶雲譯
1	T	經集部類	經集部	T15n0591	15	0591	1	商主天子所問經	隋 闍那崛多譯
1	T	經集部類	經集部	T15n0592	15	0592	1	天請問經	唐 玄奘譯
1	T	經集部類	經集部	T15n0593	15	0593	1	佛為勝光天子說王法經	唐 義淨譯
1	T	經集部類	經集部	T15n0594	15	0594	1	佛說大自在天子因地經	宋 施護譯
1	T	經集部類	經集部	T15n0595	15	0595	1	佛說嗟韈曩法天子受三歸依獲免惡道經	宋 法天譯
1	T	經集部類	經集部	T15n0596	15	0596	1	佛說天王太子辟羅經	失譯
1	T	經集部類	經集部	T15n0597	15	0597	1	龍王兄弟經	吳 支謙譯
1	T	經集部類	經集部	T15n0598	15	0598	4	佛說海龍王經	西晉 竺法護譯
1	T	經集部類	經集部	T15n0599	15	0599	1	佛為海龍王說法印經	唐 義淨譯
1	T	經集部類	經集部	T15n0600	15	0600	1	十善業道經	唐 實叉難陀譯
1	T	經集部類	經集部	T15n0601	15	0601	1	佛為娑伽羅龍王所說大乘經	宋 施護譯
1	T	經集部類	經集部	T15n0602	15	0602	2	佛說大安般守意經	後漢 安世高譯
1	T	經集部類	經集部	T15n0603	15	0603	2	陰持入經	後漢 安世高譯
1	T	經集部類	經集部	T15n0604	15	0604	1	佛說禪行三十七品經	後漢 安世高譯
1	T	經集部類	經集部	T15n0605	15	0605	1	禪行法想經	後漢 安世高譯
1	T	經集部類	經集部	T15n0606	15	0606	7	修行道地經	西晉 竺法護譯
1	T	經集部類	經集部	T15n0607	15	0607	1	道地經	僧伽羅剎造　後漢 安世高譯
1	T	經集部類	經集部	T15n0608	15	0608	1	小道地經	後漢 支曜譯
1	T	經集部類	經集部	T15n0609	15	0609	1	禪要經	失譯
1	T	經集部類	經集部	T15n0610	15	0610	1	佛說內身觀章句經	失譯
1	T	經集部類	經集部	T15n0611	15	0611	1	法觀經	西晉 竺法護譯
1	T	經集部類	經集部	T15n0612	15	0612	1	身觀經	西晉 竺法護譯
1	T	經集部類	經集部	T15n0613	15	0613	3	禪祕要法經	姚秦 鳩摩羅什等譯
1	T	經集部類	經集部	T15n0614	15	0614	2	坐禪三昧經	姚秦 鳩摩羅什譯
1	T	經集部類	經集部	T15n0615	15	0615	1	菩薩訶色欲法經	姚秦 鳩摩羅什譯
1	T	經集部類	經集部	T15n0616	15	0616	2	禪法要解	姚秦 鳩摩羅什譯
1	T	經集部類	經集部	T15n0617	15	0617	1	思惟略要法	姚秦 鳩摩羅什譯
1	T	經集部類	經集部	T15n0618	15	0618	2	達摩多羅禪經	東晉 佛陀跋陀羅譯
1	T	經集部類	經集部	T15n0619	15	0619	1	五門禪經要用法	佛陀蜜多撰　劉宋 曇摩蜜多譯
1	T	經集部類	經集部	T15n0620	15	0620	2	治禪病祕要法	劉宋 沮渠京聲譯
1	T	經集部類	經集部	T15n0621	15	0621	1	佛說佛印三昧經	後漢 安世高譯
1	T	經集部類	經集部	T15n0622	15	0622	1	佛說自誓三昧經	後漢 安世高譯
1	T	經集部類	經集部	T15n0623	15	0623	1	佛說如來獨證自誓三昧經	西晉 竺法護譯
1	T	經集部類	經集部	T15n0624	15	0624	3	佛說伅真陀羅所問如來三昧經	後漢 支婁迦讖譯
1	T	經集部類	經集部	T15n0625	15	0625	4	大樹緊那羅王所問經	姚秦 鳩摩羅什譯
1	T	經集部類	經集部	T15n0626	15	0626	2	佛說阿闍世王經	後漢 支婁迦讖譯
1	T	經集部類	經集部	T15n0627	15	0627	3	文殊支利普超三昧經	西晉 竺法護譯
1	T	經集部類	經集部	T15n0628	15	0628	6	佛說未曾有正法經	宋 法天譯
1	T	經集部類	經集部	T15n0629	15	0629	1	佛說放鉢經	闕譯
1	T	經集部類	經集部	T15n0630	15	0630	1	佛說成具光明定意經	後漢 支曜譯
1	T	經集部類	經集部	T15n0631	15	0631	1	佛說法律三昧經	吳 支謙譯
1	T	經集部類	經集部	T15n0632	15	0632	1	佛說慧印三昧經	吳 支謙譯
1	T	經集部類	經集部	T15n0633	15	0633	1	佛說如來智印經	失譯
1	T	經集部類	經集部	T15n0634	15	0634	5	佛說大乘智印經	宋 智吉祥等譯
1	T	經集部類	經集部	T15n0635	15	0635	4	佛說弘道廣顯三昧經	西晉 竺法護譯
1	T	經集部類	經集部	T15n0636	15	0636	2	無極寶三昧經	西晉 竺法護譯
1	T	經集部類	經集部	T15n0637	15	0637	2	佛說寶如來三昧經	東晉 祇多蜜譯
1	T	經集部類	經集部	T15n0638	15	0638	2	佛說超日明三昧經	西晉 聶承遠譯
1	T	經集部類	經集部	T15n0639	15	0639	10	月燈三昧經	高齊 那連提耶舍譯
1	T	經集部類	經集部	T15n0640	15	0640	1	佛說月燈三昧經	劉宋 先公譯
1	T	經集部類	經集部	T15n0641	15	0641	1	佛說月燈三昧經	劉宋 先公譯
1	T	經集部類	經集部	T15n0642	15	0642	2	佛說首楞嚴三昧經	姚秦 鳩摩羅什譯
1	T	經集部類	經集部	T15n0643	15	0643	10	佛說觀佛三昧海經	東晉 佛陀跋陀羅譯
1	T	經集部類	經集部	T15n0644	15	0644	1	佛說金剛三昧本性清淨不壞不滅經	失譯
1	T	經集部類	經集部	T15n0645	15	0645	1	不必定入定入印經	元魏 瞿曇般若流支譯
1	T	經集部類	經集部	T15n0646	15	0646	1	入定不定印經	唐 義淨譯
1	T	經集部類	經集部	T15n0647	15	0647	3	力莊嚴三昧經	隋 那連提耶舍譯
1	T	經集部類	經集部	T15n0648	15	0648	1	寂照神變三摩地經	唐 玄奘譯
1	T	經集部類	經集部	T15n0649	15	0649	4	觀察諸法行經	隋 闍那崛多譯
1	T	經集部類	經集部	T15n0650	15	0650	2	諸法無行經	姚秦 鳩摩羅什譯
1	T	經集部類	經集部	T15n0651	15	0651	3	佛說諸法本無經	隋 闍那崛多譯
1	T	經集部類	經集部	T15n0652	15	0652	3	佛說大乘隨轉宣說諸法經	宋 紹德等譯
1	T	經集部類	經集部	T15n0653	15	0653	3	佛藏經	姚秦 鳩摩羅什譯
1	T	經集部類	經集部	T15n0654	15	0654	1	佛說入無分別法門經	宋 施護譯
1	T	經集部類	經集部	T15n0655	15	0655	1	佛說勝義空經	宋 施護等譯
1	T	經集部類	經集部	T16n0656	16	0656	14	菩薩瓔珞經	姚秦 竺佛念譯
1	T	經集部類	經集部	T16n0657	16	0657	10	佛說華手經	姚秦 鳩摩羅什譯
1	T	經集部類	經集部	T16n0658	16	0658	7	寶雲經	梁 曼陀羅仙譯
1	T	經集部類	經集部	T16n0659	16	0659	7	大乘寶雲經	梁 曼陀羅仙共僧伽婆羅譯
1	T	經集部類	經集部	T16n0660	16	0660	10	佛說寶雨經	唐 達摩流支譯
1	T	經集部類	經集部	T16n0661	16	0661	1	大乘百福相經	唐 地婆訶羅譯
1	T	經集部類	經集部	T16n0662	16	0662	1	大乘百福莊嚴相經	唐 地婆訶羅譯
1	T	經集部類	經集部	T16n0663	16	0663	4	金光明經	北涼 曇無讖譯
1	T	經集部類	經集部	T16n0664	16	0664	8	合部金光明經	隋 寶貴合
1	T	經集部類	經集部	T16n0665	16	0665	10	金光明最勝王經	唐 義淨譯
1	T	經集部類	經集部	T16n0666	16	0666	1	大方等如來藏經	東晉 佛陀跋陀羅譯
1	T	經集部類	經集部	T16n0667	16	0667	1	大方廣如來藏經	唐 不空譯
1	T	經集部類	經集部	T16n0668	16	0668	1	佛說不增不減經	元魏 菩提流支譯
1	T	經集部類	經集部	T16n0669	16	0669	2	佛說無上依經	梁 真諦譯
1	T	經集部類	經集部	T16n0670	16	0670	4	楞伽阿跋多羅寶經	劉宋 求那跋陀羅譯
1	T	經集部類	經集部	T16n0671	16	0671	10	入楞伽經	元魏 菩提流支譯
1	T	經集部類	經集部	T16n0672	16	0672	7	大乘入楞伽經	唐 實叉難陀譯
1	T	經集部類	經集部	T16n0673	16	0673	2	大乘同性經	宇文周 闍那耶舍譯
1	T	經集部類	經集部	T16n0674	16	0674	2	證契大乘經	唐 地婆訶羅譯
1	T	經集部類	經集部	T16n0675	16	0675	5	深密解脫經	元魏 菩提流支譯
1	T	經集部類	經集部	T16n0676	16	0676	5	解深密經	唐 玄奘譯
1	T	經集部類	經集部	T16n0677	16	0677	1	佛說解節經	陳 真諦譯
1	T	經集部類	經集部	T16n0678	16	0678	1	相續解脫地波羅蜜了義經	劉宋 求那跋陀羅譯
1	T	經集部類	經集部	T16n0679	16	0679	1	相續解脫如來所作隨順處了義經	劉宋 求那跋陀羅譯
1	T	經集部類	經集部	T16n0680	16	0680	1	佛說佛地經	唐 玄奘譯
1	T	經集部類	經集部	T16n0681	16	0681	3	大乘密嚴經	唐 地婆訶羅譯
1	T	經集部類	經集部	T16n0682	16	0682	3	大乘密嚴經	唐 不空譯
1	T	經集部類	經集部	T16n0683	16	0683	1	佛說諸德福田經	西晉 法立法炬共譯
1	T	經集部類	經集部	T16n0684	16	0684	1	佛說父母恩難報經	後漢 安世高譯
1	T	經集部類	經集部	T16n0685	16	0685	1	佛說盂蘭盆經	西晉 竺法護譯
1	T	經集部類	經集部	T16n0686	16	0686	1	佛說報恩奉盆經	失譯
1	T	經集部類	經集部	T16n0687	16	0687	1	佛說孝子經	失譯
1	T	經集部類	經集部	T16n0688	16	0688	1	佛說未曾有經	失譯
1	T	經集部類	經集部	T16n0689	16	0689	1	甚希有經	唐 玄奘譯
1	T	經集部類	經集部	T16n0690	16	0690	1	佛說希有挍量功德經	隋 闍那崛多譯
1	T	經集部類	經集部	T16n0691	16	0691	1	最無比經	唐 玄奘譯
1	T	經集部類	經集部	T16n0692	16	0692	1	佛說作佛形像經	闕譯
1	T	經集部類	經集部	T16n0693	16	0693	1	佛說造立形像福報經	闕譯
1	T	經集部類	經集部	T16n0694	16	0694	2	佛說大乘造像功德經	唐 提雲般若譯
1	T	經集部類	經集部	T16n0695	16	0695	1	佛說灌洗佛形像經	西晉 法炬譯
1	T	經集部類	經集部	T16n0696	16	0696	1	佛說摩訶剎頭經	西秦 聖堅譯
1	T	經集部類	經集部	T16n0697	16	0697	1	佛說浴像功德經	唐 寶思惟譯
1	T	經集部類	經集部	T16n0698	16	0698	1	浴佛功德經	唐 義淨譯
1	T	經集部類	經集部	T16n0699	16	0699	1	佛說造塔功德經	唐 地婆訶羅譯
1	T	經集部類	經集部	T16n0700	16	0700	1	右繞佛塔功德經	唐 實叉難陀譯
1	T	經集部類	經集部	T16n0701	16	0701	1	佛說溫室洗浴眾僧經	後漢 安世高譯
1	T	經集部類	經集部	T16n0702	16	0702	1	佛說施燈功德經	高齊 那連提耶舍譯
1	T	經集部類	經集部	T16n0703	16	0703	1	燈指因緣經	姚秦 鳩摩羅什譯
1	T	經集部類	經集部	T16n0704	16	0704	1	佛說樓閣正法甘露鼓經	宋 天息災譯
1	T	經集部類	經集部	T16n0705	16	0705	1	佛說布施經	宋 法賢譯
1	T	經集部類	經集部	T16n0706	16	0706	1	佛說五大施經	宋 施護等譯
1	T	經集部類	經集部	T16n0707	16	0707	1	佛說出家功德經	失譯
1	T	經集部類	經集部	T16n0708	16	0708	1	了本生死經	吳 支謙譯
1	T	經集部類	經集部	T16n0709	16	0709	1	佛說稻芉經	闕譯
1	T	經集部類	經集部	T16n0710	16	0710	1	慈氏菩薩所說大乘緣生稻𦼮喻經	唐 不空譯
1	T	經集部類	經集部	T16n0711	16	0711	1	大乘舍黎娑擔摩經	宋 施護譯
1	T	經集部類	經集部	T16n0712	16	0712	1	佛說大乘稻芉經	失譯
1	T	經集部類	經集部	T16n0713	16	0713	1	貝多樹下思惟十二因緣經	吳 支謙譯
1	T	經集部類	經集部	T16n0714	16	0714	1	緣起聖道經	唐 玄奘譯
1	T	經集部類	經集部	T16n0715	16	0715	1	佛說舊城喻經	宋 法賢譯
1	T	經集部類	經集部	T16n0716	16	0716	2	緣生初勝分法本經	隋 達摩笈多譯
1	T	經集部類	經集部	T16n0717	16	0717	2	分別緣起初勝法門經	唐 玄奘譯
1	T	經集部類	經集部	T16n0718	16	0718	1	佛說分別緣生經	宋 法天譯
1	T	經集部類	經集部	T16n0719	16	0719	2	十二緣生祥瑞經	宋 施護譯
1	T	經集部類	經集部	T16n0720	16	0720	3	無明羅剎集	失譯
1	T	經集部類	經集部	T17n0721	17	0721	70	正法念處經	元魏 瞿曇般若流支譯
1	T	經集部類	經集部	T17n0722	17	0722	8	妙法聖念處經	宋 法天譯
1	T	經集部類	經集部	T17n0723	17	0723	1	分別業報略經	大勇菩薩撰　劉宋 僧伽跋摩譯
1	T	經集部類	經集部	T17n0724	17	0724	1	佛說罪業應報教化地獄經	後漢 安世高譯
1	T	經集部類	經集部	T17n0725	17	0725	1	佛說六道伽陀經	宋 法天譯
1	T	經集部類	經集部	T17n0726	17	0726	1	六趣輪迴經	馬鳴菩薩集　宋 日稱等譯
1	T	經集部類	經集部	T17n0727	17	0727	1	十不善業道經	馬鳴菩薩集　宋 日稱等譯
1	T	經集部類	經集部	T17n0728	17	0728	10	諸法集要經	觀無畏尊者集　宋 日稱等譯
1	T	經集部類	經集部	T17n0729	17	0729	1	佛說分別善惡所起經	後漢 安世高譯
1	T	經集部類	經集部	T17n0730	17	0730	1	佛說處處經	後漢 安世高譯
1	T	經集部類	經集部	T17n0731	17	0731	1	佛說十八泥犁經	後漢 安世高譯
1	T	經集部類	經集部	T17n0732	17	0732	1	佛說罵意經	後漢 安世高譯
1	T	經集部類	經集部	T17n0733	17	0733	1	佛說堅意經	後漢 安世高譯
1	T	經集部類	經集部	T17n0734	17	0734	1	佛說鬼問目連經	後漢 安世高譯
1	T	經集部類	經集部	T17n0735	17	0735	1	佛說四願經	吳 支謙譯
1	T	經集部類	經集部	T17n0736	17	0736	1	佛說四自侵經	西晉 竺法護譯
1	T	經集部類	經集部	T17n0737	17	0737	1	所欲致患經	西晉 竺法護譯
1	T	經集部類	經集部	T17n0738	17	0738	1	佛說分別經	西晉 竺法護譯
1	T	經集部類	經集部	T17n0739	17	0739	1	佛說慢法經	西晉 法炬譯
1	T	經集部類	經集部	T17n0740	17	0740	1	佛說頞多和多耆經	失譯
1	T	經集部類	經集部	T17n0741	17	0741	1	五苦章句經	東晉 竺曇無蘭譯
1	T	經集部類	經集部	T17n0742	17	0742	1	佛說自愛經	東晉 竺曇無蘭譯
1	T	經集部類	經集部	T17n0743	17	0743	1	佛說忠心經	東晉 竺曇無蘭譯
1	T	經集部類	經集部	T17n0744	17	0744	1	佛說除恐災患經	乞伏秦 聖堅譯
1	T	經集部類	經集部	T17n0745	17	0745	1	佛說雜藏經	東晉 法顯譯
1	T	經集部類	經集部	T17n0746	17	0746	1	餓鬼報應經	失譯
1	T	經集部類	經集部	T17n0747a	17	0747a	1	佛說罪福報應經	劉宋 求那跋陀羅譯
1	T	經集部類	經集部	T17n0747b	17	0747b	1	佛說輪轉五道罪福報應經	劉宋 求那跋陀羅譯
1	T	經集部類	經集部	T17n0748	17	0748	1	佛說護淨經	失譯
1	T	經集部類	經集部	T17n0749	17	0749	1	佛說因緣僧護經	失譯
1	T	經集部類	經集部	T17n0750	17	0750	1	沙彌羅經	失譯
1	T	經集部類	經集部	T17n0751a	17	0751a	1	佛說五無反復經	劉宋 沮渠京聲譯
1	T	經集部類	經集部	T17n0751b	17	0751b	1	佛說五無返復經	劉宋 沮渠京聲譯
1	T	經集部類	經集部	T17n0752	17	0752	1	佛說五無返復經	劉宋 沮渠京聲譯
1	T	經集部類	經集部	T17n0753	17	0753	1	十二品生死經	劉宋 求那跋陀羅譯
1	T	經集部類	經集部	T17n0754	17	0754	2	佛說未曾有因緣經	蕭齊 曇景譯
1	T	經集部類	經集部	T17n0755	17	0755	1	佛說淨意優婆塞所問經	宋 施護譯
1	T	經集部類	經集部	T17n0756	17	0756	1	佛說八無暇有暇經	唐 義淨譯
1	T	經集部類	經集部	T17n0757	17	0757	3	佛說身毛喜豎經	宋 惟淨等譯
1	T	經集部類	經集部	T17n0758	17	0758	1	佛說諸行有為經	宋 法天譯
1	T	經集部類	經集部	T17n0759	17	0759	1	佛說較量壽命經	宋 天息災譯
1	T	經集部類	經集部	T17n0760	17	0760	1	惟日雜難經	吳 支謙譯
1	T	經集部類	經集部	T17n0761	17	0761	6	佛說法集經	元魏 菩提流支譯
1	T	經集部類	經集部	T17n0762	17	0762	1	佛說決定義經	宋 法賢譯
1	T	經集部類	經集部	T17n0763	17	0763	3	佛說法乘義決定經	宋 金總持等譯
1	T	經集部類	經集部	T17n0764	17	0764	1	佛說法集名數經	宋 施護譯
1	T	經集部類	經集部	T17n0765	17	0765	7	本事經	唐 玄奘譯
1	T	經集部類	經集部	T17n0766	17	0766	1	佛說法身經	宋 法賢譯
1	T	經集部類	經集部	T17n0767	17	0767	1	佛說三品弟子經	吳 支謙譯
1	T	經集部類	經集部	T17n0768	17	0768	1	三慧經	失譯
1	T	經集部類	經集部	T17n0769	17	0769	1	佛說四輩經	西晉 竺法護譯
1	T	經集部類	經集部	T17n0770	17	0770	1	佛說四不可得經	西晉 竺法護譯
1	T	經集部類	經集部	T17n0771	17	0771	1	四品學法經	劉宋 求那跋陀羅譯
1	T	經集部類	經集部	T17n0772	17	0772	1	大乘四法經	唐 地婆訶羅譯
1	T	經集部類	經集部	T17n0773	17	0773	1	佛說菩薩修行四法經	唐 地婆訶羅譯
1	T	經集部類	經集部	T17n0774	17	0774	1	大乘四法經	唐 實叉難陀譯
1	T	經集部類	經集部	T17n0775	17	0775	1	佛說四無所畏經	宋 施護譯
1	T	經集部類	經集部	T17n0776	17	0776	1	佛說四品法門經	宋 法賢譯
1	T	經集部類	經集部	T17n0777	17	0777	1	佛說賢者五福德經	西晉 白法祖譯
1	T	經集部類	經集部	T17n0778	17	0778	1	佛說菩薩內習六波羅蜜經	後漢 嚴佛調譯
1	T	經集部類	經集部	T17n0779	17	0779	1	佛說八大人覺經	後漢 安世高譯
1	T	經集部類	經集部	T17n0780	17	0780	1	佛說十力經	唐 勿提提犀魚譯
1	T	經集部類	經集部	T17n0781	17	0781	1	佛說佛十力經	宋 施護等譯
1	T	經集部類	經集部	T17n0782	17	0782	1	佛說十號經	宋 天息災譯
1	T	經集部類	經集部	T17n0783	17	0783	1	佛說十二頭陀經	劉宋 求那跋陀羅譯
1	T	經集部類	經集部	T17n0784	17	0784	1	四十二章經	後漢 迦葉摩騰共法蘭譯
1	T	經集部類	經集部	T17n0785	17	0785	1	得道梯橙錫杖經	失譯
1	T	經集部類	經集部	T17n0786	17	0786	1	佛說木槵子經	失譯
1	T	經集部類	經集部	T17n0787	17	0787	1	曼殊室利呪藏中校量數珠功德經	唐 義淨譯
1	T	經集部類	經集部	T17n0788	17	0788	1	佛說校量數珠功德經	唐 寶思惟譯
1	T	經集部類	經集部	T17n0789	17	0789	1	金剛頂瑜伽念珠經	唐 不空譯
1	T	經集部類	經集部	T17n0790	17	0790	1	佛說孛經抄	吳 支謙譯
1	T	經集部類	經集部	T17n0791	17	0791	1	佛說出家緣經	後漢 安世高譯
1	T	經集部類	經集部	T17n0792	17	0792	1	佛說法受塵經	後漢 安世高譯
1	T	經集部類	經集部	T17n0793	17	0793	1	佛說佛醫經	吳 竺律炎共支越譯
1	T	經集部類	經集部	T17n0794a	17	0794a	1	佛說時非時經	西晉 若羅嚴譯
1	T	經集部類	經集部	T17n0794b	17	0794b	1	佛說時非時經	西晉 若羅嚴譯
1	T	經集部類	經集部	T17n0795	17	0795	1	佛治身經	失譯
1	T	經集部類	經集部	T17n0796	17	0796	1	佛說見正經	東晉 竺曇無蘭譯
1	T	經集部類	經集部	T17n0797a	17	0797a	1	佛說貧窮老公經	劉宋 慧簡譯
1	T	經集部類	經集部	T17n0797b	17	0797b	1	佛說貧窮老公經	劉宋 慧簡譯
1	T	經集部類	經集部	T17n0798	17	0798	1	佛說進學經	劉宋 沮渠京聲譯
1	T	經集部類	經集部	T17n0799	17	0799	1	佛說略教誡經	唐 義淨譯
1	T	經集部類	經集部	T17n0800	17	0800	1	佛說無上處經	失譯
1	T	經集部類	經集部	T17n0801	17	0801	1	佛說無常經	唐 義淨譯
1	T	經集部類	經集部	T17n0802	17	0802	1	佛說信解智力經	宋 法賢譯
1	T	經集部類	經集部	T17n0803	17	0803	1	佛說清淨心經	宋 施護等譯
1	T	經集部類	經集部	T17n0804	17	0804	1	佛說解憂經	宋 法天譯
1	T	經集部類	經集部	T17n0805	17	0805	1	佛說栴檀樹經	失譯
1	T	經集部類	經集部	T17n0806	17	0806	1	佛說枯樹經	
1	T	經集部類	經集部	T17n0807	17	0807	1	佛說內藏百寶經	後漢 支婁迦讖譯
1	T	經集部類	經集部	T17n0808	17	0808	1	佛說犢子經	吳 支謙譯
1	T	經集部類	經集部	T17n0809	17	0809	1	佛說乳光佛經	西晉 竺法護譯
1	T	經集部類	經集部	T17n0810	17	0810	2	諸佛要集經	西晉 竺法護譯
1	T	經集部類	經集部	T17n0811	17	0811	1	佛說決定總持經	西晉 竺法護譯
1	T	經集部類	經集部	T17n0812	17	0812	1	菩薩行五十緣身經	西晉 竺法護譯
1	T	經集部類	經集部	T17n0813	17	0813	1	佛說無希望經	西晉 竺法護譯
1	T	經集部類	經集部	T17n0814	17	0814	1	佛說象腋經	劉宋 曇摩蜜多譯
1	T	經集部類	經集部	T17n0815	17	0815	3	佛昇忉利天為母說法經	西晉 竺法護譯
1	T	經集部類	經集部	T17n0816	17	0816	4	佛說道神足無極變化經	西晉 安法欽譯
1	T	經集部類	經集部	T17n0817	17	0817	1	佛說大淨法門經	西晉 竺法護譯
1	T	經集部類	經集部	T17n0818	17	0818	2	大莊嚴法門經	隋 那連提耶舍譯
1	T	經集部類	經集部	T17n0819	17	0819	1	佛說法常住經	失譯
1	T	經集部類	經集部	T17n0820	17	0820	1	佛說演道俗業經	乞伏秦 聖堅譯
1	T	經集部類	經集部	T17n0821	17	0821	2	大方廣如來祕密藏經	失譯
1	T	經集部類	經集部	T17n0822	17	0822	1	佛說諸法勇王經	劉宋 曇摩蜜多譯
1	T	經集部類	經集部	T17n0823	17	0823	1	佛說一切法高王經	元魏 瞿曇般若流支譯
1	T	經集部類	經集部	T17n0824	17	0824	1	諸法最上王經	隋 闍那崛多譯
1	T	經集部類	經集部	T17n0825	17	0825	1	佛說甚深大迴向經	失譯
1	T	經集部類	經集部	T17n0826	17	0826	1	弟子死復生經	劉宋 沮渠京聲譯
1	T	經集部類	經集部	T17n0827	17	0827	1	佛說懈怠耕者經	劉宋 惠簡譯
1	T	經集部類	經集部	T17n0828	17	0828	1	無字寶篋經	元魏 菩提流支譯
1	T	經集部類	經集部	T17n0829	17	0829	1	大乘離文字普光明藏經	唐 地婆訶羅譯
1	T	經集部類	經集部	T17n0830	17	0830	1	大乘遍照光明藏無字法門經	唐 地婆訶羅再譯
1	T	經集部類	經集部	T17n0831	17	0831	1	謗佛經	元魏 菩提流支譯
1	T	經集部類	經集部	T17n0832	17	0832	1	佛語經	元魏 菩提流支譯
1	T	經集部類	經集部	T17n0833	17	0833	1	第一義法勝經	元魏 瞿曇般若流支譯
1	T	經集部類	經集部	T17n0834	17	0834	1	大威燈光仙人問疑經	隋 闍那崛多等譯
1	T	經集部類	經集部	T17n0835	17	0835	1	如來師子吼經	元魏 佛陀扇多譯
1	T	經集部類	經集部	T17n0836	17	0836	1	大方廣師子吼經	唐 地婆訶羅譯
1	T	經集部類	經集部	T17n0837	17	0837	1	佛說出生菩提心經	隋 闍那崛多譯
1	T	經集部類	經集部	T17n0838	17	0838	2	佛說發菩提心破諸魔經	宋 施護譯
1	T	經集部類	經集部	T17n0839	17	0839	2	占察善惡業報經	隋 菩提燈譯
1	T	經集部類	經集部	T17n0840	17	0840	1	稱讚大乘功德經	唐 玄奘譯
1	T	經集部類	經集部	T17n0841	17	0841	1	說妙法決定業障經	唐 智嚴譯
1	T	經集部類	經集部	T17n0842	17	0842	1	大方廣圓覺修多羅了義經	唐 佛陀多羅譯
1	T	經集部類	經集部	T17n0843	17	0843	3	佛說大乘不思議神通境界經	宋 施護譯
1	T	經集部類	經集部	T17n0844	17	0844	1	佛說大方廣未曾有經善巧方便品	宋 施護譯
1	T	經集部類	經集部	T17n0845	17	0845	1	佛說尊那經	宋 法賢譯
1	T	經集部類	經集部	T17n0846	17	0846	1	外道問聖大乘法無我義經	宋 法天譯
1	T	經集部類	經集部	T17n0847	17	0847	3	大乘修行菩薩行門諸經要集	唐 智嚴譯
1	T	律部類	律部	T22n1421	22	1421	30	彌沙塞部和醯五分律	劉宋 佛陀什共竺道生等譯
1	T	律部類	律部	T22n1422a	22	1422a	1	彌沙塞五分戒本	劉宋 佛陀什等譯
1	T	律部類	律部	T22n1422b	22	1422b	1	五分戒本	劉宋 佛陀什等譯
1	T	律部類	律部	T22n1423	22	1423	1	五分比丘尼戒本	梁 明徽集
1	T	律部類	律部	T22n1424	22	1424	1	彌沙塞羯磨本	唐 愛同錄
1	T	律部類	律部	T22n1425	22	1425	40	摩訶僧祇律	東晉 佛陀跋陀羅共法顯譯
1	T	律部類	律部	T22n1426	22	1426	1	摩訶僧祇律大比丘戒本	東晉 佛陀跋陀羅譯
1	T	律部類	律部	T22n1427	22	1427	1	摩訶僧祇比丘尼戒本	東晉 法顯共覺賢譯
1	T	律部類	律部	T22n1428	22	1428	60	四分律	姚秦 佛陀耶舍共竺佛念等譯
1	T	律部類	律部	T22n1429	22	1429	1	四分律比丘戒本	後秦 佛陀耶舍譯
1	T	律部類	律部	T22n1430	22	1430	1	四分僧戒本	後秦 佛陀耶舍譯
1	T	律部類	律部	T22n1431	22	1431	1	四分比丘尼戒本	後秦 佛陀耶舍譯
1	T	律部類	律部	T22n1432	22	1432	1	曇無德律部雜羯磨	曹魏 康僧鎧譯
1	T	律部類	律部	T22n1433	22	1433	1	羯磨	曹魏 曇諦譯
1	T	律部類	律部	T22n1434	22	1434	1	四分比丘尼羯磨法	劉宋 求那跋摩譯
1	T	律部類	律部	T23n1435	23	1435	61	十誦律	後秦 弗若多羅共羅什譯
1	T	律部類	律部	T23n1436	23	1436	1	十誦比丘波羅提木叉戒本	姚秦 鳩摩羅什譯
1	T	律部類	律部	T23n1437	23	1437	1	十誦比丘尼波羅提木叉戒本	劉宋 法顯集出
1	T	律部類	律部	T23n1438	23	1438	1	大沙門百一羯磨法	
1	T	律部類	律部	T23n1439	23	1439	1	十誦羯磨比丘要用	劉宋 僧璩撰出
1	T	律部類	律部	T23n1440	23	1440	9	薩婆多毘尼毘婆沙	失譯
1	T	律部類	律部	T23n1441	23	1441	10	薩婆多部毘尼摩得勒伽	劉宋 僧伽跋摩譯
1	T	律部類	律部	T23n1442	23	1442	50	根本說一切有部毘奈耶	唐 義淨譯
1	T	律部類	律部	T23n1443	23	1443	20	根本說一切有部苾芻尼毘奈耶	唐 義淨譯
1	T	律部類	律部	T23n1444	23	1444	4	根本說一切有部毘奈耶出家事	唐 義淨譯
1	T	律部類	律部	T23n1445	23	1445	1	根本說一切有部毘奈耶安居事	唐 義淨譯
1	T	律部類	律部	T23n1446	23	1446	1	根本說一切有部毘奈耶隨意事	唐 義淨譯
1	T	律部類	律部	T23n1447	23	1447	2	根本說一切有部毘奈耶皮革事	唐 義淨譯
1	T	律部類	律部	T24n1448	24	1448	18	根本說一切有部毘奈耶藥事	唐 義淨譯
1	T	律部類	律部	T24n1449	24	1449	1	根本說一切有部毘奈耶羯恥那衣事	唐 義淨譯
1	T	律部類	律部	T24n1450	24	1450	20	根本說一切有部毘奈耶破僧事	唐 義淨譯
1	T	律部類	律部	T24n1451	24	1451	40	根本說一切有部毘奈耶雜事	唐 義淨譯
1	T	律部類	律部	T24n1452	24	1452	10	根本說一切有部尼陀那目得迦	唐 義淨譯
1	T	律部類	律部	T24n1453	24	1453	10	根本說一切有部百一羯磨	唐 義淨譯
1	T	律部類	律部	T24n1454	24	1454	1	根本說一切有部戒經	唐 義淨譯
1	T	律部類	律部	T24n1455	24	1455	1	根本說一切有部苾芻尼戒經	唐 義淨譯
1	T	律部類	律部	T24n1456	24	1456	1	根本說一切有部毘奈耶尼陀那目得迦攝頌	唐 義淨譯
1	T	律部類	律部	T24n1457	24	1457	1	根本說一切有部略毘奈耶雜事攝頌	唐 義淨譯
1	T	律部類	律部	T24n1458	24	1458	14	根本薩婆多部律攝	尊者勝友造　唐 義淨譯
1	T	律部類	律部	T24n1459	24	1459	3	根本說一切有部毘奈耶頌	尊者毘舍佉造　唐 義淨譯
1	T	律部類	律部	T24n1460	24	1460	1	解脫戒經	元魏 般若流支譯
1	T	律部類	律部	T24n1461	24	1461	1	律二十二明了論	弗陀多羅多造　陳 真諦譯
1	T	律部類	律部	T24n1462	24	1462	18	善見律毘婆沙	蕭齊 僧伽跋陀羅譯
1	T	律部類	律部	T24n1463	24	1463	8	毘尼母經	失譯
1	T	律部類	律部	T24n1464	24	1464	10	鼻奈耶	姚秦 竺佛念譯
1	T	律部類	律部	T24n1465	24	1465	1	舍利弗問經	失譯
1	T	律部類	律部	T24n1466	24	1466	1	優波離問佛經	宋 求那跋摩譯
1	T	律部類	律部	T24n1467a	24	1467a	1	佛說犯戒罪報輕重經	後漢 安世高譯
1	T	律部類	律部	T24n1467b	24	1467b	1	佛說犯戒罪報輕重經	
1	T	律部類	律部	T24n1468	24	1468	1	佛說目連所問經	宋 法天譯
1	T	律部類	律部	T24n1469	24	1469	1	佛說迦葉禁戒經	宋 沮渠京聲譯
1	T	律部類	律部	T24n1470	24	1470	2	大比丘三千威儀	後漢 安世高譯
1	T	律部類	律部	T24n1471	24	1471	1	沙彌十戒法并威儀	失譯
1	T	律部類	律部	T24n1472	24	1472	1	沙彌威儀	宋 求那跋摩譯
1	T	律部類	律部	T24n1473	24	1473	1	佛說沙彌十戒儀則經	宋 施護譯
1	T	律部類	律部	T24n1474	24	1474	1	沙彌尼戒經	失譯
1	T	律部類	律部	T24n1475	24	1475	1	沙彌尼離戒文	失譯
1	T	律部類	律部	T24n1476	24	1476	1	佛說優婆塞五戒相經	宋 求那跋摩譯
1	T	律部類	律部	T24n1477	24	1477	1	佛說戒消災經	吳 支謙譯
1	T	律部類	律部	T24n1478	24	1478	2	大愛道比丘尼經	失譯
1	T	律部類	律部	T24n1479	24	1479	1	佛說苾芻五法經	宋 法天譯
1	T	律部類	律部	T24n1480	24	1480	1	佛說苾芻迦尸迦十法經	宋 法天譯
1	T	律部類	律部	T24n1481	24	1481	1	佛說五恐怖世經	宋 沮渠京聲譯
1	T	律部類	律部	T24n1482	24	1482	2	佛阿毘曇經出家相品	陳 真諦譯
1	T	律部類	律部	T24n1483a	24	1483a	1	佛說目連問戒律中五百輕重事	失譯
1	T	律部類	律部	T24n1483b	24	1483b	2	佛說目連問戒律中五百輕重事經	失譯
1	T	律部類	律部	T24n1484	24	1484	2	梵網經	後秦 鳩摩羅什譯
1	T	律部類	律部	T24n1485	24	1485	2	菩薩瓔珞本業經	姚秦 竺佛念譯
1	T	律部類	律部	T24n1486	24	1486	1	受十善戒經	失譯
1	T	律部類	律部	T24n1487	24	1487	1	佛說菩薩內戒經	宋 求那跋摩譯
1	T	律部類	律部	T24n1488	24	1488	7	優婆塞戒經	北涼 曇無讖譯
1	T	律部類	律部	T24n1489	24	1489	1	清淨毘尼方廣經	後秦 鳩摩羅什譯
1	T	律部類	律部	T24n1490	24	1490	1	寂調音所問經	宋 法海譯
1	T	律部類	律部	T24n1491	24	1491	1	菩薩藏經	梁 僧伽婆羅譯
1	T	律部類	律部	T24n1492	24	1492	1	佛說舍利弗悔過經	後漢 安世高譯
1	T	律部類	律部	T24n1493	24	1493	1	大乘三聚懺悔經	隋 闍那崛多共笈多等譯
1	T	律部類	律部	T24n1494	24	1494	1	佛說淨業障經	失譯
1	T	律部類	律部	T24n1495	24	1495	1	善恭敬經	隋 闍那崛多譯
1	T	律部類	律部	T24n1496	24	1496	1	佛說正恭敬經	元魏 佛陀扇多譯
1	T	律部類	律部	T24n1497	24	1497	1	佛說大乘戒經	宋 施護譯
1	T	律部類	律部	T24n1498	24	1498	1	佛說八種長養功德經	宋 法護等譯
1	T	律部類	律部	T24n1499	24	1499	1	菩薩戒羯磨文	彌勒菩薩說　唐 玄奘譯
1	T	律部類	律部	T24n1500	24	1500	1	菩薩戒本	慈氏菩薩說　北涼 曇無讖譯
1	T	律部類	律部	T24n1501	24	1501	1	菩薩戒本	彌勒菩薩說　唐 玄奘譯
1	T	律部類	律部	T24n1502	24	1502	1	菩薩受齋經	西晉 聶道真譯
1	T	律部類	律部	T24n1503	24	1503	1	優婆塞五戒威儀經	宋 求那跋摩譯
1	T	律部類	律部	T24n1504	24	1504	1	菩薩五法懺悔文	失譯
1	T	阿含部類	釋經論部	T25n1505	25	1505	2	四阿鋡暮抄解	婆素跋陀造　符秦 鳩摩羅佛提等譯
1	T	阿含部類	釋經論部	T25n1506	25	1506	3	三法度論	東晉 僧伽提婆譯
1	T	阿含部類	釋經論部	T25n1507	25	1507	5	分別功德論	失譯附後漢錄
1	T	阿含部類	釋經論部	T25n1508	25	1508	1	阿含口解十二因緣經	後漢 安玄共嚴佛調譯
1	T	般若部類	釋經論部	T25n1509	25	1509	100	大智度論	龍樹菩薩造　後秦 鳩摩羅什譯
1	T	般若部類	釋經論部	T25n1510a	25	1510a	2	金剛般若論	無著菩薩造　隋 達磨笈多譯
1	T	般若部類	釋經論部	T25n1510b	25	1510b	3	金剛般若波羅蜜經論	無著菩薩造　隋 達磨笈多譯
1	T	般若部類	釋經論部	T25n1511	25	1511	3	金剛般若波羅蜜經論	天親菩薩造　元魏 菩提流支譯
1	T	般若部類	釋經論部	T25n1512	25	1512	10	金剛仙論	世親菩薩造　金剛仙論師釋　元魏 菩提流支譯
1	T	般若部類	釋經論部	T25n1513	25	1513	3	能斷金剛般若波羅蜜多經論釋	無著菩薩造頌　世親菩薩釋　唐 義淨譯
1	T	般若部類	釋經論部	T25n1514	25	1514	1	能斷金剛般若波羅蜜多經論頌	無著菩薩造　唐 義淨譯
1	T	般若部類	釋經論部	T25n1515	25	1515	2	金剛般若波羅蜜經破取著不壞假名論	功德施菩薩造　唐 地婆訶羅等譯
1	T	般若部類	釋經論部	T25n1516	25	1516	2	聖佛母般若波羅蜜多九頌精義論	勝德赤衣菩薩造　宋 法護等譯
1	T	般若部類	釋經論部	T25n1517	25	1517	4	佛母般若波羅蜜多圓集要義釋論	三寶尊菩薩造　大域龍菩薩造本論　宋 施護等譯
1	T	般若部類	釋經論部	T25n1518	25	1518	1	佛母般若波羅蜜多圓集要義論	大域龍菩薩造　宋 施護等譯
1	T	法華部類	釋經論部	T26n1519	26	1519	2	妙法蓮華經憂波提舍	大乘論師婆藪槃豆釋　後魏 菩提留支共曇林等譯
1	T	法華部類	釋經論部	T26n1520	26	1520	1	妙法蓮華經論優波提舍	婆藪般豆菩薩造　元魏 勒那摩提共僧朗等譯
1	T	華嚴部類	釋經論部	T26n1521	26	1521	17	十住毘婆沙論	聖者龍樹造　後秦 鳩摩羅什譯
1	T	華嚴部類	釋經論部	T26n1522	26	1522	12	十地經論	天親菩薩造　後魏 菩提流支等譯
1	T	寶積部類	釋經論部	T26n1523	26	1523	4	大寶積經論	後魏 菩提流支譯
1	T	淨土宗部類	釋經論部	T26n1524	26	1524	1	無量壽經優波提舍	婆藪槃豆菩薩造　元魏 菩提流支譯
1	T	寶積部類	釋經論部	T26n1525	26	1525	9	彌勒菩薩所問經論	後魏 菩提流支譯
1	T	大集部類	釋經論部	T26n1526	26	1526	1	寶髻經四法憂波提舍	天親菩薩造　元魏 毘目智仙譯
1	T	涅槃部類	釋經論部	T26n1527	26	1527	1	涅槃論	婆藪槃豆作　元魏 達磨菩提譯
1	T	涅槃部類	釋經論部	T26n1528	26	1528	1	涅槃經本有今無偈論	天親菩薩造　陳 真諦譯
1	T	涅槃部類	釋經論部	T26n1529	26	1529	1	遺教經論	天親菩薩造　陳 真諦譯
1	T	經集部類	釋經論部	T26n1530	26	1530	7	佛地經論	親光菩薩等造　唐 玄奘譯
1	T	經集部類	釋經論部	T26n1531	26	1531	2	文殊師利菩薩問菩提經論	天親菩薩造　元魏 菩提流支譯
1	T	經集部類	釋經論部	T26n1532	26	1532	4	勝思惟梵天所問經論	天親菩薩造　後魏 菩提流支譯
1	T	經集部類	釋經論部	T26n1533	26	1533	1	轉法輪經憂波提舍	天親菩薩造　元魏 毘目智仙譯
1	T	經集部類	釋經論部	T26n1534	26	1534	1	三具足經憂波提舍	元魏 毘目智仙譯
1	T	經集部類	釋經論部	T26n1535	26	1535	1	大乘四法經釋	
1	T	毘曇部類	毘曇部	T26n1536	26	1536	20	阿毘達磨集異門足論	尊者舍利子說　唐 玄奘譯
1	T	毘曇部類	毘曇部	T26n1537	26	1537	12	阿毘達磨法蘊足論	尊者大目乾連造　唐 玄奘譯
1	T	毘曇部類	毘曇部	T26n1538	26	1538	7	施設論	宋 法護等譯
1	T	毘曇部類	毘曇部	T26n1539	26	1539	16	阿毘達磨識身足論	提婆設摩造　唐 玄奘譯
1	T	毘曇部類	毘曇部	T26n1540	26	1540	3	阿毘達磨界身足論	尊者世友造　唐 玄奘譯
1	T	毘曇部類	毘曇部	T26n1541	26	1541	12	眾事分阿毘曇論	尊者世友造　宋 求那跋陀羅共菩提耶舍譯
1	T	毘曇部類	毘曇部	T26n1542	26	1542	18	阿毘達磨品類足論	尊者世友造　唐 玄奘譯
1	T	毘曇部類	毘曇部	T26n1543	26	1543	30	阿毘曇八犍度論	迦栴延子造　符秦 僧伽提婆共竺佛念譯
1	T	毘曇部類	毘曇部	T26n1544	26	1544	20	阿毘達磨發智論	迦多衍尼子造　唐 玄奘譯
1	T	毘曇部類	毘曇部	T27n1545	27	1545	200	阿毘達磨大毘婆沙論	五百大阿羅漢等造　唐 玄奘譯
1	T	毘曇部類	毘曇部	T28n1546	28	1546	60	阿毘曇毘婆沙論	迦旃延子造　五百羅漢釋　北涼 浮陀跋摩共道泰等譯
1	T	毘曇部類	毘曇部	T28n1547	28	1547	14	鞞婆沙論	尸陀槃尼撰　符秦 僧伽跋澄譯
1	T	毘曇部類	毘曇部	T28n1548	28	1548	30	舍利弗阿毘曇論	姚秦 曇摩耶舍共曇摩崛多等譯
1	T	毘曇部類	毘曇部	T28n1549	28	1549	10	尊婆須蜜菩薩所集論	尊婆須蜜造　符秦 僧伽跋澄等譯
1	T	毘曇部類	毘曇部	T28n1550	28	1550	4	阿毘曇心論	尊者法勝造　晉 僧迦提婆共慧遠等譯
1	T	毘曇部類	毘曇部	T28n1551	28	1551	6	阿毘曇心論經	法勝論　優波扇多釋　高齊 那連提耶舍譯
1	T	毘曇部類	毘曇部	T28n1552	28	1552	11	雜阿毘曇心論	尊者法救造　宋 僧伽跋摩等譯
1	T	毘曇部類	毘曇部	T28n1553	28	1553	2	阿毘曇甘露味論	尊者瞿沙造　失譯
1	T	毘曇部類	毘曇部	T28n1554	28	1554	2	入阿毘達磨論	塞建陀羅造　唐 玄奘譯
1	T	毘曇部類	毘曇部	T28n1555	28	1555	2	五事毘婆沙論	尊者法救造　唐 玄奘譯
1	T	毘曇部類	毘曇部	T28n1556	28	1556	1	薩婆多宗五事論	唐 法成譯
1	T	毘曇部類	毘曇部	T28n1557	28	1557	1	阿毘曇五法行經	後漢 安世高譯
1	T	毘曇部類	毘曇部	T29n1558	29	1558	30	阿毘達磨俱舍論	尊者世親造　唐 玄奘譯
1	T	毘曇部類	毘曇部	T29n1559	29	1559	22	阿毘達磨俱舍釋論	婆藪盤豆造　陳 真諦譯
1	T	毘曇部類	毘曇部	T29n1560	29	1560	1	阿毘達磨俱舍論本頌	世親菩薩造　唐 玄奘譯
1	T	毘曇部類	毘曇部	T29n1561	29	1561	5	俱舍論實義疏	尊者安惠造
1	T	毘曇部類	毘曇部	T29n1562	29	1562	80	阿毘達磨順正理論	尊者眾賢造　唐 玄奘譯
1	T	毘曇部類	毘曇部	T29n1563	29	1563	40	阿毘達磨藏顯宗論	尊者眾賢造　唐 玄奘譯
1	T	中觀部類	中觀部	T30n1564	30	1564	4	中論	龍樹菩薩造　梵志青目釋　姚秦 鳩摩羅什譯
1	T	中觀部類	中觀部	T30n1565	30	1565	2	順中論	龍樹菩薩造　無著菩薩釋　元魏 瞿曇般若流支譯
1	T	中觀部類	中觀部	T30n1566	30	1566	15	般若燈論釋	偈本龍樹菩薩　釋論分別明菩薩　唐 波羅頗蜜多羅譯
1	T	中觀部類	中觀部	T30n1567	30	1567	9	大乘中觀釋論(第1卷-第9卷)	安慧菩薩造　宋 惟淨等譯
1	T	中觀部類	中觀部	T30n1568	30	1568	1	十二門論	龍樹菩薩造　姚秦 鳩摩羅什譯
1	T	中觀部類	中觀部	T30n1569	30	1569	2	百論	提婆菩薩造　婆藪開士釋　姚秦 鳩摩羅什譯
1	T	中觀部類	中觀部	T30n1570	30	1570	1	廣百論本	聖天菩薩造　唐 玄奘譯
1	T	中觀部類	中觀部	T30n1571	30	1571	10	大乘廣百論釋論	聖天菩薩本　護法菩薩釋　唐 玄奘譯
1	T	中觀部類	中觀部	T30n1572	30	1572	1	百字論	提婆菩薩造　後魏 菩提流支譯
1	T	中觀部類	中觀部	T30n1573	30	1573	1	壹輸盧迦論	龍樹菩薩造　後魏 瞿曇般若留支譯
1	T	中觀部類	中觀部	T30n1574	30	1574	1	大乘破有論	龍樹菩薩造　宋 施護譯
1	T	中觀部類	中觀部	T30n1575	30	1575	1	六十頌如理論	龍樹菩薩造　宋 施護譯
1	T	中觀部類	中觀部	T30n1576	30	1576	1	大乘二十頌論	龍樹菩薩造　宋 施護譯
1	T	中觀部類	中觀部	T30n1577	30	1577	2	大丈夫論	提婆羅菩薩造　北涼 道泰譯
1	T	中觀部類	中觀部	T30n1578	30	1578	2	大乘掌珍論	清辯菩薩造　唐 玄奘譯
1	T	瑜伽部類	瑜伽部	T30n1579	30	1579	100	瑜伽師地論	彌勒菩薩說　唐 玄奘譯
1	T	瑜伽部類	瑜伽部	T30n1580	30	1580	1	瑜伽師地論釋	最勝子等造　唐 玄奘譯
1	T	瑜伽部類	瑜伽部	T30n1581	30	1581	10	菩薩地持經	北涼 曇無讖譯
1	T	瑜伽部類	瑜伽部	T30n1582	30	1582	9	菩薩善戒經	劉宋 求那跋摩譯
1	T	瑜伽部類	瑜伽部	T30n1583	30	1583	1	菩薩善戒經	劉宋 求那跋摩譯
1	T	瑜伽部類	瑜伽部	T30n1584	30	1584	3	決定藏論	梁 真諦譯
1	T	瑜伽部類	瑜伽部	T31n1585	31	1585	10	成唯識論	護法等菩薩造　唐 玄奘譯
1	T	瑜伽部類	瑜伽部	T31n1586	31	1586	1	唯識三十論頌	世親菩薩造　唐 玄奘譯
1	T	瑜伽部類	瑜伽部	T31n1587	31	1587	1	轉識論	陳 真諦譯
1	T	瑜伽部類	瑜伽部	T31n1588	31	1588	1	唯識論	天親菩薩造　後魏 瞿曇般若流支譯
1	T	瑜伽部類	瑜伽部	T31n1589	31	1589	1	大乘唯識論	天親菩薩造　陳 真諦譯
1	T	瑜伽部類	瑜伽部	T31n1590	31	1590	1	唯識二十論	世親菩薩造　唐 玄奘譯
1	T	瑜伽部類	瑜伽部	T31n1591	31	1591	5	成唯識寶生論	護法菩薩造　唐 義淨譯
1	T	瑜伽部類	瑜伽部	T31n1592	31	1592	2	攝大乘論	阿僧伽作　後魏 佛陀扇多譯
1	T	瑜伽部類	瑜伽部	T31n1593	31	1593	3	攝大乘論	無著菩薩造　陳 真諦譯
1	T	瑜伽部類	瑜伽部	T31n1594	31	1594	3	攝大乘論本	無著菩薩造　唐 玄奘譯
1	T	瑜伽部類	瑜伽部	T31n1595	31	1595	15	攝大乘論釋	世親菩薩釋　陳 真諦譯
1	T	瑜伽部類	瑜伽部	T31n1596	31	1596	10	攝大乘論釋論	世親菩薩造　隋 笈多共行矩等譯
1	T	瑜伽部類	瑜伽部	T31n1597	31	1597	10	攝大乘論釋	世親菩薩造　唐 玄奘譯
1	T	瑜伽部類	瑜伽部	T31n1598	31	1598	10	攝大乘論釋	無性菩薩造　唐 玄奘譯
1	T	瑜伽部類	瑜伽部	T31n1599	31	1599	2	中邊分別論	天親菩薩造　陳 真諦譯
1	T	瑜伽部類	瑜伽部	T31n1600	31	1600	3	辯中邊論	世親菩薩造　唐 玄奘譯
1	T	瑜伽部類	瑜伽部	T31n1601	31	1601	1	辯中邊論頌	彌勒菩薩說　唐 玄奘譯
1	T	瑜伽部類	瑜伽部	T31n1602	31	1602	20	顯揚聖教論	無著菩薩造　唐 玄奘譯
1	T	瑜伽部類	瑜伽部	T31n1603	31	1603	1	顯揚聖教論頌	無著菩薩造　唐 玄奘譯
1	T	瑜伽部類	瑜伽部	T31n1604	31	1604	13	大乘莊嚴經論	無著菩薩造　唐 波羅頗蜜多羅譯
1	T	瑜伽部類	瑜伽部	T31n1605	31	1605	7	大乘阿毘達磨集論	無著菩薩造　唐 玄奘譯
1	T	瑜伽部類	瑜伽部	T31n1606	31	1606	16	大乘阿毘達磨雜集論	安慧菩薩糅　唐 玄奘譯
1	T	瑜伽部類	瑜伽部	T31n1607	31	1607	1	六門教授習定論	無著本　世親釋　唐 義淨譯
1	T	瑜伽部類	瑜伽部	T31n1608	31	1608	1	業成就論	天親菩薩造　元魏 毘目智仙譯
1	T	瑜伽部類	瑜伽部	T31n1609	31	1609	1	大乘成業論	世親菩薩造　唐 玄奘譯
1	T	瑜伽部類	瑜伽部	T31n1610	31	1610	4	佛性論	天親菩薩造　陳 真諦譯
1	T	瑜伽部類	瑜伽部	T31n1611	31	1611	4	究竟一乘寶性論	後魏 勒那摩提譯
1	T	瑜伽部類	瑜伽部	T31n1612	31	1612	1	大乘五蘊論	世親菩薩造　唐 玄奘譯
1	T	瑜伽部類	瑜伽部	T31n1613	31	1613	1	大乘廣五蘊論	安慧菩薩造　唐 地婆訶羅譯
1	T	瑜伽部類	瑜伽部	T31n1614	31	1614	1	大乘百法明門論	天親菩薩造　唐 玄奘譯
1	T	瑜伽部類	瑜伽部	T31n1615	31	1615	1	王法正理論	彌勒菩薩造　唐 玄奘譯
1	T	瑜伽部類	瑜伽部	T31n1616	31	1616	1	十八空論	龍樹菩薩造　陳 真諦譯
1	T	瑜伽部類	瑜伽部	T31n1617	31	1617	2	三無性論	陳 真諦譯
1	T	瑜伽部類	瑜伽部	T31n1618	31	1618	1	顯識論	陳 真諦譯
1	T	瑜伽部類	瑜伽部	T31n1619	31	1619	1	無相思塵論	陳那菩薩造　陳 真諦譯
1	T	瑜伽部類	瑜伽部	T31n1620	31	1620	1	解捲論	陳那菩薩造　陳 真諦譯
1	T	瑜伽部類	瑜伽部	T31n1621	31	1621	1	掌中論	陳那菩薩造　唐 義淨譯
1	T	瑜伽部類	瑜伽部	T31n1622	31	1622	1	取因假設論	陳那菩薩造　唐 義淨譯
1	T	瑜伽部類	瑜伽部	T31n1623	31	1623	1	觀總相論頌	陳那菩薩造　唐 義淨譯
1	T	瑜伽部類	瑜伽部	T31n1624	31	1624	1	觀所緣緣論	陳那菩薩造　唐 玄奘譯
1	T	瑜伽部類	瑜伽部	T31n1625	31	1625	1	觀所緣論釋	護法菩薩造　唐 義淨譯
1	T	瑜伽部類	瑜伽部	T31n1626	31	1626	1	大乘法界無差別論	堅慧菩薩造　唐 提雲般若等譯
1	T	瑜伽部類	瑜伽部	T31n1627	31	1627	1	大乘法界無差別論	堅慧菩薩造　唐 提雲般若譯
1	T	論集部類	論集部	T32n1628	32	1628	1	因明正理門論本	大域龍菩薩造　唐 玄奘譯
1	T	論集部類	論集部	T32n1629	32	1629	1	因明正理門論	大域龍菩薩造　唐 義淨譯
1	T	論集部類	論集部	T32n1630	32	1630	1	因明入正理論	商羯羅主菩薩造　唐 玄奘譯
1	T	論集部類	論集部	T32n1631	32	1631	1	迴諍論	龍樹菩薩造　後魏 毘目智仙共瞿曇流支譯
1	T	論集部類	論集部	T32n1632	32	1632	1	方便心論	後魏 吉迦夜譯
1	T	論集部類	論集部	T32n1633	32	1633	1	如實論	陳 真諦譯
1	T	論集部類	論集部	T32n1634	32	1634	2	入大乘論	堅意菩薩造　北涼 道泰等譯
1	T	論集部類	論集部	T32n1635	32	1635	10	大乘寶要義論	宋 法護等譯
1	T	論集部類	論集部	T32n1636	32	1636	25	大乘集菩薩學論	法稱菩薩造　宋 法護等譯
1	T	論集部類	論集部	T32n1637	32	1637	2	集大乘相論	覺吉祥智菩薩造　宋 施護譯
1	T	論集部類	論集部	T32n1638	32	1638	2	集諸法寶最上義論	善寂菩薩造　宋 施護譯
1	T	論集部類	論集部	T32n1639	32	1639	1	提婆菩薩破楞伽經中外道小乘四宗論	提波菩薩造　後魏 菩提流支譯
1	T	論集部類	論集部	T32n1640	32	1640	1	提婆菩薩釋楞伽經中外道小乘涅槃論	提波菩薩造　後魏 菩提流支譯
1	T	論集部類	論集部	T32n1641	32	1641	1	隨相論	德慧法師造　陳 真諦譯
1	T	論集部類	論集部	T32n1642	32	1642	1	金剛針論	法稱菩薩造　宋 法天譯
1	T	論集部類	論集部	T32n1643	32	1643	1	尼乾子問無我義經	馬鳴菩薩集　宋 日稱譯
1	T	論集部類	論集部	T32n1644	32	1644	10	佛說立世阿毘曇論	陳 真諦譯
1	T	論集部類	論集部	T32n1645	32	1645	2	彰所知論	發合思巴造　元 沙羅巴譯
1	T	論集部類	論集部	T32n1646	32	1646	16	成實論	訶梨跋摩造　姚秦 鳩摩羅什譯
1	T	論集部類	論集部	T32n1647	32	1647	4	四諦論	婆藪跋摩造　陳 真諦譯
1	T	論集部類	論集部	T32n1648	32	1648	12	解脫道論	優波底沙造　梁 僧伽婆羅譯
1	T	論集部類	論集部	T32n1649	32	1649	3	三彌底部論	失譯
1	T	論集部類	論集部	T32n1650	32	1650	2	辟支佛因緣論	失譯
1	T	論集部類	論集部	T32n1651	32	1651	1	十二因緣論	淨意菩薩造　後魏 菩提流支譯
1	T	論集部類	論集部	T32n1652	32	1652	1	緣生論	欝楞迦造　隋 達磨笈多譯
1	T	論集部類	論集部	T32n1653	32	1653	1	大乘緣生論	欝楞迦造　唐 不空譯
1	T	論集部類	論集部	T32n1654	32	1654	1	因緣心論頌因緣心論釋	龍猛菩薩造
1	T	論集部類	論集部	T32n1655	32	1655	1	止觀門論頌	世親菩薩造　唐 義淨譯
1	T	論集部類	論集部	T32n1656	32	1656	1	寶行王正論	陳 真諦譯
1	T	論集部類	論集部	T32n1657	32	1657	1	手杖論	釋迦稱造　唐 義淨譯
1	T	論集部類	論集部	T32n1658	32	1658	1	諸教決定名義論	慈氏菩薩造　宋 施護譯
1	T	論集部類	論集部	T32n1659	32	1659	2	發菩提心經論	天親菩薩造　後秦 鳩摩羅什譯
1	T	論集部類	論集部	T32n1660	32	1660	6	菩提資糧論	龍樹本　自在比丘釋　隋 達磨笈多譯
1	T	論集部類	論集部	T32n1661	32	1661	1	菩提心離相論	龍樹菩薩造　宋 施護譯
1	T	論集部類	論集部	T32n1662	32	1662	4	菩提行經	龍樹菩薩集頌　宋 天息災譯
1	T	論集部類	論集部	T32n1663	32	1663	1	菩提心觀釋	宋 法天譯
1	T	論集部類	論集部	T32n1664	32	1664	4	廣釋菩提心論	蓮華戒菩薩造　宋 施護譯
1	T	論集部類	論集部	T32n1665	32	1665	1	金剛頂瑜伽中發阿耨多羅三藐三菩提心論	唐 不空譯
1	T	論集部類	論集部	T32n1666	32	1666	1	大乘起信論	馬鳴菩薩造　梁 真諦譯
1	T	論集部類	論集部	T32n1667	32	1667	2	大乘起信論	馬鳴菩薩造　唐 實叉難陀譯
1	T	論集部類	論集部	T32n1668	32	1668	10	釋摩訶衍論	龍樹菩薩造　姚秦 筏提摩多譯
1	T	論集部類	論集部	T32n1669	32	1669	20	大宗地玄文本論	馬鳴菩薩造　陳 真諦譯
1	T	論集部類	論集部	T32n1670A	32	1670A	2	那先比丘經	失譯
1	T	論集部類	論集部	T32n1670B	32	1670B	3	那先比丘經	失譯
1	T	論集部類	論集部	T32n1671	32	1671	12	福蓋正行所集經	龍樹菩薩集　宋 日稱等譯
1	T	論集部類	論集部	T32n1672	32	1672	1	龍樹菩薩為禪陀迦王說法要偈	宋 求那跋摩譯
1	T	論集部類	論集部	T32n1673	32	1673	1	勸發諸王要偈	龍樹菩薩撰　宋 僧伽跋摩譯
1	T	論集部類	論集部	T32n1674	32	1674	1	龍樹菩薩勸誡王頌	唐 義淨譯
1	T	論集部類	論集部	T32n1675	32	1675	1	讚法界頌	龍樹菩薩造　宋 施護譯
1	T	論集部類	論集部	T32n1676	32	1676	1	廣大發願頌	龍樹菩薩造　宋 施護等譯
1	T	論集部類	論集部	T32n1677	32	1677	1	三身梵讚	宋 法賢譯
1	T	論集部類	論集部	T32n1678	32	1678	1	佛三身讚	西土賢聖撰　宋 法賢譯
1	T	論集部類	論集部	T32n1679	32	1679	1	佛一百八名讚	宋 法天譯
1	T	論集部類	論集部	T32n1680	32	1680	1	一百五十讚佛頌	摩咥里制吒造　唐 義淨譯
1	T	論集部類	論集部	T32n1681	32	1681	3	佛吉祥德讚	寂友尊者造　宋 施護譯
1	T	論集部類	論集部	T32n1682	32	1682	1	七佛讚唄伽他	宋 法天譯
1	T	論集部類	論集部	T32n1683	32	1683	1	犍稚梵讚	宋 法賢譯
1	T	論集部類	論集部	T32n1684	32	1684	1	八大靈塔梵讚	西天戒日王製　宋 法賢譯
1	T	論集部類	論集部	T32n1685	32	1685	1	佛說八大靈塔名號經	宋 法賢譯
1	T	論集部類	論集部	T32n1686	32	1686	1	賢聖集伽陀一百頌	宋 天息災譯
1	T	論集部類	論集部	T32n1687	32	1687	1	事師法五十頌	馬鳴菩薩集　宋 日稱等譯
1	T	論集部類	論集部	T32n1688	32	1688	1	密跡力士大權神王經偈頌	元 管主八撰
1	T	論集部類	論集部	T32n1689	32	1689	1	請賓頭盧法	劉宋 慧簡譯
1	T	論集部類	論集部	T32n1690	32	1690	1	賓頭盧突羅闍為優陀延王說法經	劉宋 求那跋陀羅譯
1	T	論集部類	論集部	T32n1691	32	1691	1	迦葉仙人說醫女人經	宋 法賢譯
1	T	論集部類	論集部	T32n1692	32	1692	1	勝軍化世百喻伽他經	宋 天息災譯
1	T	阿含部類	經疏部	T33n1693	33	1693	1	人本欲生經註	東晉 道安撰
1	T	阿含部類	經疏部	T33n1694	33	1694	2	陰持入經註	吳 陳慧撰
1	T	般若部類	經疏部	T33n1695	33	1695	3	大般若波羅蜜多經般若理趣分述讚	唐 窺基撰
1	T	般若部類	經疏部	T33n1696	33	1696	1	大品經遊意	隋 吉藏撰
1	T	般若部類	經疏部	T33n1697	33	1697	1	大慧度經宗要	新羅 元曉撰
1	T	般若部類	經疏部	T33n1698	33	1698	1	金剛般若經疏	隋 智顗說
1	T	般若部類	經疏部	T33n1699	33	1699	4	金剛般若疏	隋 吉藏撰
1	T	般若部類	經疏部	T33n1700	33	1700	2	金剛般若經贊述	唐 窺基撰
1	T	般若部類	經疏部	T33n1701	33	1701	2	金剛般若經疏論纂要	唐 宗密述　宋 子璿治定
1	T	般若部類	經疏部	T33n1702	33	1702	7	金剛經纂要刊定記	宋 子璿錄
1	T	般若部類	經疏部	T33n1703	33	1703	1	金剛般若波羅蜜經註解	明 宗泐．如玘同註
1	T	般若部類	經疏部	T33n1704	33	1704	2	金剛般若波羅蜜經略疏	唐 智儼述
1	T	般若部類	經疏部	T33n1705	33	1705	5	仁王護國般若經疏	隋 智顗說　灌頂記
1	T	般若部類	經疏部	T33n1706	33	1706	4	仁王護國般若波羅蜜經疏神寶記	宋 善月述
1	T	般若部類	經疏部	T33n1707	33	1707	3	仁王般若經疏	隋 吉藏撰
1	T	般若部類	經疏部	T33n1708	33	1708	3	仁王經疏	唐 圓測撰
1	T	般若部類	經疏部	T33n1709	33	1709	3	仁王護國般若波羅蜜多經疏	唐 良賁述
1	T	般若部類	經疏部	T33n1710	33	1710	2	般若波羅蜜多心經幽贊	唐 窺基撰
1	T	般若部類	經疏部	T33n1711	33	1711	1	般若波羅蜜多心經贊	唐 圓測撰
1	T	般若部類	經疏部	T33n1712	33	1712	1	般若波羅蜜多心經略疏	唐 法藏述
1	T	般若部類	經疏部	T33n1713	33	1713	2	般若心經略疏連珠記	宋 師會述
1	T	般若部類	經疏部	T33n1714	33	1714	1	般若波羅蜜多心經註解	明 宗泐．如玘同註
1	T	法華部類	經疏部	T33n1715	33	1715	8	法華經義記	梁 法雲撰
1	T	法華部類	經疏部	T33n1716	33	1716	10	妙法蓮華經玄義	隋 智顗說
1	T	法華部類	經疏部	T33n1717	33	1717	20	法華玄義釋籤	唐 湛然述
1	T	法華部類	經疏部	T34n1718	34	1718	10	妙法蓮華經文句	隋 智顗說
1	T	法華部類	經疏部	T34n1719	34	1719	10	法華文句記	唐 湛然述
1	T	法華部類	經疏部	T34n1720	34	1720	10	法華玄論	隋 吉藏撰
1	T	法華部類	經疏部	T34n1721	34	1721	12	法華義疏	隋 吉藏撰
1	T	法華部類	經疏部	T34n1722	34	1722	1	法華遊意	隋 吉藏造
1	T	法華部類	經疏部	T34n1723	34	1723	10	妙法蓮華經玄贊	唐 窺基撰
1	T	法華部類	經疏部	T34n1724	34	1724	1	法華玄贊義決	唐 慧沼撰
1	T	法華部類	經疏部	T34n1725	34	1725	1	法華宗要	新羅 元曉撰
1	T	法華部類	經疏部	T34n1726	34	1726	2	觀音玄義	隋 智顗說．灌頂記
1	T	法華部類	經疏部	T34n1727	34	1727	4	觀音玄義記	宋 知禮述
1	T	法華部類	經疏部	T34n1728	34	1728	2	觀音義疏	隋 智顗說．灌頂記
1	T	法華部類	經疏部	T34n1729	34	1729	4	觀音義疏記	宋 知禮述
1	T	法華部類	經疏部	T34n1730	34	1730	3	金剛三昧經論	新羅 元曉述
1	T	華嚴部類	經疏部	T35n1731	35	1731	1	華嚴遊意	隋 吉藏撰
1	T	華嚴部類	經疏部	T35n1732	35	1732	5	大方廣佛華嚴經搜玄分齊通智方軌	唐 智儼述
1	T	華嚴部類	經疏部	T35n1733	35	1733	20	華嚴經探玄記	唐 法藏述
1	T	華嚴部類	經疏部	T35n1734	35	1734	1	花嚴經文義綱目	唐 法藏撰
1	T	華嚴部類	經疏部	T35n1735	35	1735	60	大方廣佛華嚴經疏	唐 澄觀撰
1	T	華嚴部類	經疏部	T36n1736	36	1736	90	大方廣佛華嚴經隨疏演義鈔	唐 澄觀述
1	T	華嚴部類	經疏部	T36n1737	36	1737	1	大華嚴經略策	唐 澄觀述
1	T	華嚴部類	經疏部	T36n1738	36	1738	1	新譯華嚴經七處九會頌釋章	唐 澄觀述
1	T	華嚴部類	經疏部	T36n1739	36	1739	40	新華嚴經論	唐 李通玄撰
1	T	華嚴部類	經疏部	T36n1740	36	1740	1	大方廣佛華嚴經中卷卷大意略敘	唐 李通玄造
1	T	華嚴部類	經疏部	T36n1741	36	1741	4	略釋新華嚴經修行次第決疑論	唐 李通玄撰
1	T	華嚴部類	經疏部	T36n1742	36	1742	2	大方廣佛華嚴經願行觀門骨目	唐 湛然撰
1	T	華嚴部類	經疏部	T36n1743	36	1743	1	皇帝降誕日於麟德殿講大方廣佛華嚴經玄義一部	唐 靜居撰
1	T	寶積部類	經疏部	T37n1744	37	1744	3	勝鬘寶窟	隋 吉藏撰
1	T	淨土宗部類	經疏部	T37n1745	37	1745	2	無量壽經義疏	隋 慧遠撰
1	T	淨土宗部類	經疏部	T37n1746	37	1746	1	無量壽經義疏	隋 吉藏撰
1	T	淨土宗部類	經疏部	T37n1747	37	1747	1	兩卷無量壽經宗要	新羅 元曉撰
1	T	淨土宗部類	經疏部	T37n1748	37	1748	3	無量壽經連義述文贊	新羅 璟興撰
1	T	淨土宗部類	經疏部	T37n1749	37	1749	1	觀無量壽經義疏	隋 慧遠撰
1	T	淨土宗部類	經疏部	T37n1750	37	1750	1	觀無量壽佛經疏	隋 智顗說
1	T	淨土宗部類	經疏部	T37n1751	37	1751	6	觀無量壽佛經疏妙宗鈔	宋 知禮述
1	T	淨土宗部類	經疏部	T37n1752	37	1752	1	觀無量壽經義疏	隋 吉藏撰
1	T	淨土宗部類	經疏部	T37n1753	37	1753	4	觀無量壽佛經疏	唐 善導集記
1	T	淨土宗部類	經疏部	T37n1754	37	1754	3	觀無量壽佛經義疏	宋 元照述
1	T	淨土宗部類	經疏部	T37n1755	37	1755	1	阿彌陀經義記	隋 智顗說
1	T	淨土宗部類	經疏部	T37n1756	37	1756	1	阿彌陀經義述	唐 慧淨述
1	T	淨土宗部類	經疏部	T37n1757	37	1757	1	阿彌陀經疏	唐 窺基撰
1	T	淨土宗部類	經疏部	T37n1758	37	1758	3	阿彌陀經通贊疏	唐 窺基撰
1	T	淨土宗部類	經疏部	T37n1759	37	1759	1	阿彌陀經疏	新羅 元曉述
1	T	淨土宗部類	經疏部	T37n1760	37	1760	1	阿彌陀經疏	宋 智圓述
1	T	淨土宗部類	經疏部	T37n1761	37	1761	1	阿彌陀經義疏	宋 元照述
1	T	淨土宗部類	經疏部	T37n1762	37	1762	1	阿彌陀經要解	明 智旭解
1	T	涅槃部類	經疏部	T37n1763	37	1763	71	大般涅槃經集解	梁 寶亮等集
1	T	涅槃部類	經疏部	T37n1764	37	1764	10	大般涅槃經義記	隋 慧遠述
1	T	涅槃部類	經疏部	T38n1765	38	1765	2	大般涅槃經玄義	隋 灌頂撰
1	T	涅槃部類	經疏部	T38n1766	38	1766	4	涅槃玄義發源機要	宋 智圓述
1	T	涅槃部類	經疏部	T38n1767	38	1767	33	大般涅槃經疏	隋 灌頂撰
1	T	涅槃部類	經疏部	T38n1768	38	1768	1	涅槃經遊意	隋 吉藏撰
1	T	涅槃部類	經疏部	T38n1769	38	1769	1	涅槃宗要	新羅 元曉撰
1	T	經集部類	經疏部	T38n1770	38	1770	2	本願藥師經古迹	新羅 太賢撰
1	T	經集部類	經疏部	T38n1771	38	1771	1	彌勒經遊意	隋 吉藏撰
1	T	經集部類	經疏部	T38n1772	38	1772	2	觀彌勒上生兜率天經贊	唐 窺基撰
1	T	經集部類	經疏部	T38n1773	38	1773	1	彌勒上生經宗要	新羅 元曉撰
1	T	經集部類	經疏部	T38n1774	38	1774	1	三彌勒經疏	新羅 憬興撰
1	T	經集部類	經疏部	T38n1775	38	1775	10	注維摩詰經	後秦 僧肇撰
1	T	經集部類	經疏部	T38n1776	38	1776	4	維摩義記	隋 慧遠撰
1	T	經集部類	經疏部	T38n1777	38	1777	6	維摩經玄疏	隋 智顗撰
1	T	經集部類	經疏部	T38n1778	38	1778	10	維摩經略疏	隋 智顗說　唐 湛然略
1	T	經集部類	經疏部	T38n1779	38	1779	10	維摩經略疏垂裕記	宋 智圓述
1	T	經集部類	經疏部	T38n1780	38	1780	8	淨名玄論	隋 吉藏造
1	T	經集部類	經疏部	T38n1781	38	1781	6	維摩經義疏	隋 吉藏撰
1	T	經集部類	經疏部	T38n1782	38	1782	6	說無垢稱經疏	唐 窺基撰
1	T	經集部類	經疏部	T39n1783	39	1783	2	金光明經玄義	隋 智顗說　灌頂錄
1	T	經集部類	經疏部	T39n1784	39	1784	6	金光明經玄義拾遺記	宋 知禮述
1	T	經集部類	經疏部	T39n1785	39	1785	6	金光明經文句	隋 智顗說　灌頂錄
1	T	經集部類	經疏部	T39n1786	39	1786	6	金光明經文句記	宋 知禮述
1	T	經集部類	經疏部	T39n1787	39	1787	1	金光明經疏	隋 吉藏撰
1	T	經集部類	經疏部	T39n1788	39	1788	6	金光明最勝王經疏	唐 慧沼撰
1	T	經集部類	經疏部	T39n1789	39	1789	4	楞伽阿跋多羅寶經註解	明 宗泐．如玘同註
1	T	經集部類	經疏部	T39n1790	39	1790	1	入楞伽心玄義	唐 法藏撰
1	T	經集部類	經疏部	T39n1791	39	1791	10	注大乘入楞伽經	宋 寶臣述
1	T	經集部類	經疏部	T39n1792	39	1792	2	佛說盂蘭盆經疏	唐 宗密述
1	T	經集部類	經疏部	T39n1793	39	1793	1	溫室經義記	隋 慧遠撰
1	T	經集部類	經疏部	T39n1794	39	1794	1	註四十二章經	宋 真宗皇帝註
1	T	經集部類	經疏部	T39n1795	39	1795	2	大方廣圓覺修多羅了義經略疏	唐 宗密述
1	T	律部類	律疏部	T40n1804	40	1804	3	四分律刪繁補闕行事鈔	唐 道宣撰
1	T	律部類	律疏部	T40n1805	40	1805	3	四分律行事鈔資持記	宋 元照撰
1	T	律部類	律疏部	T40n1806	40	1806	3	四分律比丘含注戒本	唐 道宣述
1	T	律部類	律疏部	T40n1807	40	1807	2	四分比丘戒本疏	唐 定賓撰
1	T	律部類	律疏部	T40n1808	40	1808	2	四分律刪補隨機羯磨	唐 道宣集
1	T	律部類	律疏部	T40n1809	40	1809	3	僧羯磨	唐 懷素集
1	T	律部類	律疏部	T40n1810	40	1810	3	尼羯磨	唐 懷素集
1	T	律部類	律疏部	T40n1811	40	1811	2	菩薩戒義疏	隋 智顗說　灌頂記
1	T	律部類	律疏部	T40n1812	40	1812	3	天台菩薩戒疏	唐 明曠刪補
1	T	律部類	律疏部	T40n1813	40	1813	6	梵網經菩薩戒本疏	唐 法藏撰
1	T	律部類	律疏部	T40n1814	40	1814	2	菩薩戒本疏	新羅 義寂述
1	T	律部類	律疏部	T40n1815	40	1815	2	梵網經古迹記	新羅 太賢集
1	T	般若部類	論疏部	T40n1816	40	1816	3	金剛般若論會釋	唐 窺基撰
1	T	般若部類	論疏部	T40n1817	40	1817	1	略明般若末後一頌讚述	唐 義淨述
1	T	法華部類	論疏部	T40n1818	40	1818	3	法華論疏	隋 吉藏撰
1	T	淨土宗部類	論疏部	T40n1819	40	1819	2	無量壽經優婆提舍願生偈註	北魏 曇鸞註解
1	T	涅槃部類	論疏部	T40n1820	40	1820	1	佛遺教經論疏節要	宋 淨源節要　明 袾宏補註
1	T	毘曇部類	論疏部	T41n1821	41	1821	30	俱舍論記	唐 普光述
1	T	毘曇部類	論疏部	T41n1822	41	1822	30	俱舍論疏	唐 法寶撰
1	T	毘曇部類	論疏部	T41n1823	41	1823	30	俱舍論頌疏	唐 圓暉述
1	T	中觀部類	論疏部	T42n1824	42	1824	10	中觀論疏	隋 吉藏撰
1	T	中觀部類	論疏部	T42n1825	42	1825	3	十二門論疏	隋 吉藏撰
1	T	中觀部類	論疏部	T42n1826	42	1826	2	十二門論宗致義記	唐 法藏述
1	T	中觀部類	論疏部	T42n1827	42	1827	3	百論疏	隋 吉藏撰
1	T	瑜伽部類	論疏部	T42n1828	42	1828	24	瑜伽論記	唐 遁倫集撰
1	T	瑜伽部類	論疏部	T43n1829	43	1829	16	瑜伽師地論略纂	唐 窺基撰
1	T	瑜伽部類	論疏部	T43n1830	43	1830	10	成唯識論述記	唐 窺基撰
1	T	瑜伽部類	論疏部	T43n1831	43	1831	2	成唯識論掌中樞要	唐 窺基撰
1	T	瑜伽部類	論疏部	T43n1832	43	1832	7	成唯識論了義燈	唐 惠沼述
1	T	瑜伽部類	論疏部	T43n1833	43	1833	7	成唯識論演祕	唐 智周撰
1	T	瑜伽部類	論疏部	T43n1834	43	1834	2	唯識二十論述記	唐 窺基撰
1	T	瑜伽部類	論疏部	T44n1835	44	1835	3	辯中邊論述記	唐 窺基撰
1	T	瑜伽部類	論疏部	T44n1836	44	1836	2	大乘百法明門論解	唐 窺基註解．明 普泰增修
1	T	瑜伽部類	論疏部	T44n1837	44	1837	2	大乘百法明門論疏	唐 大乘光撰
1	T	瑜伽部類	論疏部	T44n1838	44	1838	1	大乘法界無差別論疏	唐 法藏撰
1	T	論集部類	論疏部	T44n1839	44	1839	1	理門論述記	唐 神泰撰
1	T	論集部類	論疏部	T44n1840	44	1840	3	因明入正理論疏	唐 窺基撰
1	T	論集部類	論疏部	T44n1841	44	1841	1	因明義斷	唐 慧沼撰
1	T	論集部類	論疏部	T44n1842	44	1842	1	因明入正理論義纂要	唐 慧沼集
1	T	論集部類	論疏部	T44n1843	44	1843	2	大乘起信論義疏	隋 慧遠撰
1	T	論集部類	論疏部	T44n1844	44	1844	2	起信論疏	新羅 元曉撰
1	T	論集部類	論疏部	T44n1845	44	1845	1	大乘起信論別記	新羅 元曉撰
1	T	論集部類	論疏部	T44n1846	44	1846	3	大乘起信論義記	唐 法藏撰
1	T	論集部類	論疏部	T44n1847	44	1847	1	大乘起信論義記別記	唐 法藏撰
1	T	論集部類	論疏部	T44n1848	44	1848	20	起信論疏筆削記	宋 子璿錄
1	T	論集部類	論疏部	T44n1849	44	1849	1	大乘起信論內義略探記	新羅 太賢作
1	T	論集部類	論疏部	T44n1850	44	1850	6	大乘起信論裂網疏	明 智旭述
1	T	瑜伽部類	諸宗部	T44n1851	44	1851	20	大乘義章	隋 慧遠撰
1	T	中觀部類	諸宗部	T45n1852	45	1852	1	三論玄義	隋 吉藏撰
1	T	中觀部類	諸宗部	T45n1853	45	1853	5	大乘玄論	隋 吉藏撰
1	T	中觀部類	諸宗部	T45n1854	45	1854	3	二諦義	隋 吉藏撰
1	T	中觀部類	諸宗部	T45n1855	45	1855	1	三論遊意義	隋 碩法師撰
1	T	中觀部類	諸宗部	T45n1856	45	1856	3	鳩摩羅什法師大義	東晉 慧遠問．羅什答
1	T	中觀部類	諸宗部	T45n1857	45	1857	1	寶藏論	後秦 僧肇著
1	T	中觀部類	諸宗部	T45n1858	45	1858	1	肇論	後秦 僧肇作
1	T	中觀部類	諸宗部	T45n1859	45	1859	3	肇論疏	唐 元康撰
1	T	中觀部類	諸宗部	T45n1860	45	1860	3	肇論新疏	元 文才述
1	T	瑜伽部類	諸宗部	T45n1861	45	1861	7	大乘法苑義林章	唐 窺基撰
1	T	瑜伽部類	諸宗部	T45n1862	45	1862	3	勸發菩提心集	唐 慧沼撰
1	T	瑜伽部類	諸宗部	T45n1863	45	1863	4	能顯中邊慧日論	唐 慧沼撰
1	T	瑜伽部類	諸宗部	T45n1864	45	1864	1	大乘入道次第	唐 智周撰
1	T	瑜伽部類	諸宗部	T45n1865	45	1865	2	八識規矩補註	明 普泰補註
1	T	華嚴部類	諸宗部	T45n1866	45	1866	4	華嚴一乘教義分齊章	唐 法藏述
1	T	華嚴部類	諸宗部	T45n1867	45	1867	1	華嚴五教止觀	隋 杜順說
1	T	華嚴部類	諸宗部	T45n1868	45	1868	1	華嚴一乘十玄門	隋 杜順說．唐 智儼撰
1	T	華嚴部類	諸宗部	T45n1869	45	1869	2	華嚴五十要問答	唐 智儼集
1	T	華嚴部類	諸宗部	T45n1870	45	1870	4	華嚴經內章門等雜孔目章	唐 智儼集
1	T	華嚴部類	諸宗部	T45n1871	45	1871	1	華嚴經旨歸	唐 法藏述
1	T	華嚴部類	諸宗部	T45n1872	45	1872	1	華嚴策林	唐 法藏述
1	T	華嚴部類	諸宗部	T45n1873	45	1873	2	華嚴經問答	唐 法藏撰
1	T	華嚴部類	諸宗部	T45n1874	45	1874	2	華嚴經明法品內立三寶章	唐 法藏述
1	T	華嚴部類	諸宗部	T45n1875	45	1875	1	華嚴經義海百門	唐 法藏述
1	T	華嚴部類	諸宗部	T45n1876	45	1876	1	修華嚴奧旨妄盡還源觀	唐 法藏述
1	T	華嚴部類	諸宗部	T45n1877	45	1877	1	華嚴遊心法界記	唐 法藏撰
1	T	華嚴部類	諸宗部	T45n1878	45	1878	1	華嚴發菩提心章	唐 法藏述
1	T	華嚴部類	諸宗部	T45n1879a	45	1879a	1	華嚴經關脈義記	唐 法藏撰
1	T	華嚴部類	諸宗部	T45n1879b	45	1879b	1	華嚴關脈義記	
1	T	華嚴部類	諸宗部	T45n1880	45	1880	1	金師子章雲間類解	唐 法藏撰．宋 淨源述
1	T	華嚴部類	諸宗部	T45n1881	45	1881	1	華嚴經金師子章註	唐 法藏撰．宋 承遷註
1	T	華嚴部類	諸宗部	T45n1882	45	1882	1	三聖圓融觀門	唐 澄觀述
1	T	華嚴部類	諸宗部	T45n1883	45	1883	2	華嚴法界玄鏡	唐 澄觀述
1	T	華嚴部類	諸宗部	T45n1884	45	1884	1	註華嚴法界觀門	唐 宗密註
1	T	華嚴部類	諸宗部	T45n1885	45	1885	2	註華嚴經題法界觀門頌	宋 本嵩述．琮湛註
1	T	華嚴部類	諸宗部	T45n1886	45	1886	1	原人論	唐 宗密述
1	T	華嚴部類	諸宗部	T45n1887A	45	1887A	1	華嚴一乘法界圖	新羅 義湘撰
1	T	華嚴部類	諸宗部	T45n1887B	45	1887B	2	法界圖記叢髓錄	
1	T	華嚴部類	諸宗部	T45n1888	45	1888	1	解迷顯智成悲十明論	唐 李通玄撰
1	T	華嚴部類	諸宗部	T45n1889	45	1889	1	海印三昧論	新羅 明皛述
1	T	華嚴部類	諸宗部	T45n1890	45	1890	1	華嚴一乘成佛妙義	新羅 見登之集
1	T	華嚴部類	諸宗部	T45n1891	45	1891	1	文殊指南圖讚	宋 惟白述
1	T	律部類	諸宗部	T45n1892	45	1892	1	關中創立戒壇圖經	唐 道宣撰
1	T	律部類	諸宗部	T45n1893	45	1893	2	淨心誡觀法	唐 道宣撰
1	T	律部類	諸宗部	T45n1894	45	1894	1	釋門章服儀	唐 道宣述
1	T	律部類	諸宗部	T45n1895	45	1895	2	量處輕重儀	唐 道宣緝
1	T	律部類	諸宗部	T45n1896	45	1896	2	釋門歸敬儀	唐 道宣述
1	T	律部類	諸宗部	T45n1897	45	1897	1	教誡新學比丘行護律儀	唐 道宣述
1	T	律部類	諸宗部	T45n1898	45	1898	1	律相感通傳	唐 道宣撰
1	T	律部類	諸宗部	T45n1899	45	1899	2	中天竺舍衛國祇洹寺圖經	唐 道宣撰
1	T	律部類	諸宗部	T45n1900	45	1900	1	佛制比丘六物圖	宋 元照撰
1	T	律部類	諸宗部	T45n1901	45	1901	1	護命放生軌儀法	唐 義淨撰
1	T	律部類	諸宗部	T45n1902	45	1902	1	受用三水要行法	唐 義淨撰
1	T	律部類	諸宗部	T45n1903	45	1903	1	說罪要行法	唐 義淨撰
1	T	律部類	諸宗部	T45n1904	45	1904	1	根本說一切有部出家授近圓羯磨儀範	元 拔合思巴集
1	T	律部類	諸宗部	T45n1905	45	1905	1	根本說一切有部苾芻習學略法	元 拔合思巴集
1	T	律部類	諸宗部	T45n1906	45	1906	1	菩薩戒本宗要	新羅 大賢撰
1	T	律部類	諸宗部	T45n1907	45	1907	1	菩薩戒本持犯要記	新羅 元曉述
1	T	律部類	諸宗部	T45n1908	45	1908	1	大乘六情懺悔	新羅 元曉撰
1	T	律部類	諸宗部	T45n1909	45	1909	10	慈悲道場懺法	梁 諸大法師集撰
1	T	律部類	諸宗部	T45n1910	45	1910	3	慈悲水懺法	
1	T	法華部類	諸宗部	T46n1911	46	1911	10	摩訶止觀	隋 智顗說
1	T	法華部類	諸宗部	T46n1912	46	1912	10	止觀輔行傳弘決	唐 湛然述
1	T	法華部類	諸宗部	T46n1913	46	1913	2	止觀義例	唐 湛然述
1	T	法華部類	諸宗部	T46n1914	46	1914	1	止觀大意	唐 湛然述
1	T	法華部類	諸宗部	T46n1915	46	1915	1	修習止觀坐禪法要	隋 智顗述
1	T	法華部類	諸宗部	T46n1916	46	1916	10	釋禪波羅蜜次第法門	隋 智顗說
1	T	法華部類	諸宗部	T46n1917	46	1917	1	六妙法門	隋 智顗說
1	T	法華部類	諸宗部	T46n1918	46	1918	4	四念處	隋 智顗說
1	T	法華部類	諸宗部	T46n1919	46	1919	1	天台智者大師禪門口訣	隋 智顗說
1	T	法華部類	諸宗部	T46n1920	46	1920	1	觀心論	隋 智顗述
1	T	法華部類	諸宗部	T46n1921	46	1921	5	觀心論疏	隋 灌頂撰
1	T	法華部類	諸宗部	T46n1922	46	1922	1	釋摩訶般若波羅蜜經覺意三昧	隋 智顗說
1	T	法華部類	諸宗部	T46n1923	46	1923	2	諸法無諍三昧法門	陳 慧思撰
1	T	法華部類	諸宗部	T46n1924	46	1924	4	大乘止觀法門	陳 慧思說
1	T	法華部類	諸宗部	T46n1925	46	1925	3	法界次第初門	隋 智顗撰
1	T	法華部類	諸宗部	T46n1926	46	1926	1	法華經安樂行義	陳 慧思說
1	T	法華部類	諸宗部	T46n1927	46	1927	1	十不二門	唐 湛然述
1	T	法華部類	諸宗部	T46n1928	46	1928	2	十不二門指要鈔	宋 知禮述
1	T	法華部類	諸宗部	T46n1929	46	1929	12	四教義	隋 智顗撰
1	T	法華部類	諸宗部	T46n1930	46	1930	1	天台八教大意	隋 灌頂撰
1	T	法華部類	諸宗部	T46n1931	46	1931	1	天台四教儀	高麗 諦觀錄
1	T	法華部類	諸宗部	T46n1932	46	1932	1	金剛錍	唐 湛然述
1	T	法華部類	諸宗部	T46n1933	46	1933	1	南嶽思大禪師立誓願文	陳 慧思撰
1	T	法華部類	諸宗部	T46n1934	46	1934	4	國清百錄	隋 灌頂纂
1	T	法華部類	諸宗部	T46n1935	46	1935	1	法智遺編觀心二百問	宋 繼忠集
1	T	法華部類	諸宗部	T46n1936	46	1936	2	四明十義書	宋 知禮撰
1	T	法華部類	諸宗部	T46n1937	46	1937	7	四明尊者教行錄	宋 宗曉編
1	T	法華部類	諸宗部	T46n1938	46	1938	1	天台傳佛心印記	元 懷則述
1	T	法華部類	諸宗部	T46n1939	46	1939	1	教觀綱宗	明 智旭述
1	T	法華部類	諸宗部	T46n1940	46	1940	1	方等三昧行法	隋 智顗說
1	T	法華部類	諸宗部	T46n1941	46	1941	1	法華三昧懺儀	隋 智顗撰
1	T	法華部類	諸宗部	T46n1942	46	1942	1	法華三昧行事運想補助儀	唐 湛然撰
1	T	法華部類	諸宗部	T46n1943	46	1943	1	略法華三昧補助儀	
1	T	法華部類	諸宗部	T46n1944	46	1944	1	禮法華經儀式	
1	T	法華部類	諸宗部	T46n1945	46	1945	1	金光明懺法補助儀	宋 遵式集
1	T	法華部類	諸宗部	T46n1946	46	1946	1	金光明最勝懺儀	宋 知禮集
1	T	法華部類	諸宗部	T46n1947	46	1947	1	釋迦如來涅槃禮讚文	宋 仁岳撰
1	T	法華部類	諸宗部	T46n1948	46	1948	1	天台智者大師齋忌禮讚文	宋 遵式述
1	T	法華部類	諸宗部	T46n1949	46	1949	1	請觀世音菩薩消伏毒害陀羅尼三昧儀	宋 遵式集
1	T	法華部類	諸宗部	T46n1950	46	1950	1	千手眼大悲心呪行法	宋 知禮集
1	T	法華部類	諸宗部	T46n1951	46	1951	1	熾盛光道場念誦儀	宋 遵式撰
1	T	淨土宗部類	諸宗部	T47n1957	47	1957	1	略論安樂淨土義	後魏 曇鸞撰
1	T	淨土宗部類	諸宗部	T47n1958	47	1958	2	安樂集	唐 道綽撰
1	T	淨土宗部類	諸宗部	T47n1959	47	1959	1	觀念阿彌陀佛相海三昧功德法門	唐 善導集記
1	T	淨土宗部類	諸宗部	T47n1960	47	1960	7	釋淨土群疑論	唐 懷感撰
1	T	淨土宗部類	諸宗部	T47n1961	47	1961	1	淨土十疑論	隋 智顗說
1	T	淨土宗部類	諸宗部	T47n1962	47	1962	1	五方便念佛門	隋 智顗撰
1	T	淨土宗部類	諸宗部	T47n1963	47	1963	3	淨土論	唐 迦才撰
1	T	淨土宗部類	諸宗部	T47n1964	47	1964	1	西方要決釋疑通規	唐 基撰
1	T	淨土宗部類	諸宗部	T47n1965	47	1965	1	遊心安樂道	新羅 元曉撰
1	T	淨土宗部類	諸宗部	T47n1966	47	1966	2	念佛鏡	唐 道鏡．善道共集
1	T	淨土宗部類	諸宗部	T47n1967	47	1967	3	念佛三昧寶王論	唐 飛錫撰
1	T	淨土宗部類	諸宗部	T47n1968	47	1968	1	往生淨土決疑行願二門	宋 遵式撰
1	T	淨土宗部類	諸宗部	T47n1969A	47	1969A	5	樂邦文類	宋 宗曉編
1	T	淨土宗部類	諸宗部	T47n1969B	47	1969B	2	樂邦遺稿	宋 宗曉編
1	T	淨土宗部類	諸宗部	T47n1970	47	1970	12	龍舒增廣淨土文	宋 王日休撰
1	T	淨土宗部類	諸宗部	T47n1971	47	1971	1	淨土境觀要門	元 懷則述
1	T	淨土宗部類	諸宗部	T47n1972	47	1972	1	淨土或問	元 天如則著
1	T	淨土宗部類	諸宗部	T47n1973	47	1973	10	廬山蓮宗寶鑑	元 普度編
1	T	淨土宗部類	諸宗部	T47n1974	47	1974	2	寶王三昧念佛直指	明 妙叶集
1	T	淨土宗部類	諸宗部	T47n1975	47	1975	1	淨土生無生論	明 傳燈撰
1	T	淨土宗部類	諸宗部	T47n1976	47	1976	10	西方合論	明 袁宏道撰
1	T	淨土宗部類	諸宗部	T47n1977	47	1977	1	淨土疑辨	明 袾宏撰
1	T	淨土宗部類	諸宗部	T47n1978	47	1978	1	讚阿彌陀佛偈	後魏 曇鸞撰
1	T	淨土宗部類	諸宗部	T47n1979	47	1979	2	轉經行道願往生淨土法事讚	唐 善導集記
1	T	淨土宗部類	諸宗部	T47n1980	47	1980	1	往生禮讚偈	唐 善導集記
1	T	淨土宗部類	諸宗部	T47n1981	47	1981	1	依觀經等明般舟三昧行道往生讚	唐 善導撰
1	T	淨土宗部類	諸宗部	T47n1982	47	1982	2	集諸經禮懺儀	唐 智昇撰
1	T	淨土宗部類	諸宗部	T47n1983	47	1983	2	淨土五會念佛略法事儀讚	唐 法照述
1	T	淨土宗部類	諸宗部	T47n1984	47	1984	1	往生淨土懺願儀	宋 遵式撰
1	T	禪宗部類	諸宗部	T47n1985	47	1985	1	鎮州臨濟慧照禪師語錄	唐 慧然集
1	T	禪宗部類	諸宗部	T47n1986A	47	1986A	1	筠州洞山悟本禪師語錄	日本 慧印校
1	T	禪宗部類	諸宗部	T47n1986B	47	1986B	1	瑞州洞山良价禪師語錄	明 語風圓信．郭凝之編
1	T	禪宗部類	諸宗部	T47n1987A	47	1987A	1	撫州曹山元證禪師語錄	日本 慧印校
1	T	禪宗部類	諸宗部	T47n1987B	47	1987B	2	撫州曹山本寂禪師語錄	日本 玄契編
1	T	禪宗部類	諸宗部	T47n1988	47	1988	3	雲門匡真禪師廣錄	宋 守堅集
1	T	禪宗部類	諸宗部	T47n1989	47	1989	1	潭州溈山靈祐禪師語錄	明 語風圓信．郭凝之編
1	T	禪宗部類	諸宗部	T47n1990	47	1990	1	袁州仰山慧寂禪師語錄	明 語風圓信．郭凝之編
1	T	禪宗部類	諸宗部	T47n1991	47	1991	1	金陵清涼院文益禪師語錄	明 語風圓信．郭凝之編
1	T	禪宗部類	諸宗部	T47n1992	47	1992	3	汾陽無德禪師語錄	宋 楚圓集
1	T	禪宗部類	諸宗部	T47n1993	47	1993	1	黃龍慧南禪師語錄	宋 惠泉集
1	T	禪宗部類	諸宗部	T47n1994A	47	1994A	1	楊岐方會和尚語錄	宋 仁勇等編
1	T	禪宗部類	諸宗部	T47n1994B	47	1994B	1	楊岐方會和尚後錄	
1	T	禪宗部類	諸宗部	T47n1995	47	1995	3	法演禪師語錄	宋 才良等編
1	T	禪宗部類	諸宗部	T47n1996	47	1996	6	明覺禪師語錄	宋 惟蓋竺編
1	T	禪宗部類	諸宗部	T47n1997	47	1997	20	圓悟佛果禪師語錄	宋 紹隆等編
1	T	禪宗部類	諸宗部	T47n1998A	47	1998A	30	大慧普覺禪師語錄	宋 蘊聞編
1	T	禪宗部類	諸宗部	T47n1999	47	1999	1	密菴和尚語錄	宋 崇岳．了悟等編
1	T	禪宗部類	諸宗部	T47n2000	47	2000	10	虛堂和尚語錄	宋 妙源編
1	T	禪宗部類	諸宗部	T48n2001	48	2001	9	宏智禪師廣錄	宋 集成等編
1	T	禪宗部類	諸宗部	T48n2002A	48	2002A	2	如淨和尚語錄	宋 文素編
1	T	禪宗部類	諸宗部	T48n2002B	48	2002B	1	天童山景德寺如淨禪師續語錄	宋 義遠編
1	T	禪宗部類	諸宗部	T48n2003	48	2003	10	佛果圜悟禪師碧巖錄	宋 重顯頌古．克勤評唱
1	T	禪宗部類	諸宗部	T48n2004	48	2004	6	萬松老人評唱天童覺和尚頌古從容庵錄	宋 正覺頌古．元 行秀評唱
1	T	禪宗部類	諸宗部	T48n2005	48	2005	1	無門關	宋 宗紹編
1	T	禪宗部類	諸宗部	T48n2006	48	2006	6	人天眼目	宋 智昭集
1	T	禪宗部類	諸宗部	T48n2007	48	2007	1	南宗頓教最上大乘摩訶般若波羅蜜經六祖惠能大師於韶州大梵寺施法壇經	唐 法海集
1	T	禪宗部類	諸宗部	T48n2008	48	2008	1	六祖大師法寶壇經	元 宗寶編
1	T	禪宗部類	諸宗部	T48n2009	48	2009	1	少室六門	
1	T	禪宗部類	諸宗部	T48n2010	48	2010	1	信心銘	隋 僧璨作
1	T	禪宗部類	諸宗部	T48n2011	48	2011	1	最上乘論	唐 弘忍述
1	T	禪宗部類	諸宗部	T48n2012A	48	2012A	1	黃檗山斷際禪師傳心法要	唐 裴休集
1	T	禪宗部類	諸宗部	T48n2012B	48	2012B	1	黃檗斷際禪師宛陵錄	唐 裴休集
1	T	禪宗部類	諸宗部	T48n2013	48	2013	1	禪宗永嘉集	唐 玄覺撰
1	T	禪宗部類	諸宗部	T48n2014	48	2014	1	永嘉證道歌	唐 玄覺撰
1	T	禪宗部類	諸宗部	T48n2015	48	2015	2	禪源諸詮集都序	唐 宗密述
1	T	禪宗部類	諸宗部	T48n2016	48	2016	100	宗鏡錄	宋 延壽集
1	T	禪宗部類	諸宗部	T48n2017	48	2017	3	萬善同歸集	宋 延壽述
1	T	禪宗部類	諸宗部	T48n2018	48	2018	1	永明智覺禪師唯心訣	宋 延壽撰
1	T	禪宗部類	諸宗部	T48n2019A	48	2019A	1	真心直說	高麗 知訥撰
1	T	禪宗部類	諸宗部	T48n2019B	48	2019B	1	誡初心學人文	高麗 知訥撰
1	T	禪宗部類	諸宗部	T48n2020	48	2020	1	高麗國普照禪師修心訣	高麗 知訥撰
1	T	禪宗部類	諸宗部	T48n2021	48	2021	1	禪宗決疑集	元 智徹述
1	T	禪宗部類	諸宗部	T48n2022	48	2022	4	禪林寶訓	宋 淨善重集
1	T	禪宗部類	諸宗部	T48n2023	48	2023	10	緇門警訓	明 如巹續集
1	T	禪宗部類	諸宗部	T48n2024	48	2024	1	禪關策進	明 袾宏輯
1	T	禪宗部類	諸宗部	T48n2025	48	2025	8	勅修百丈清規	元 德煇重編
1	T	經集部類	古逸部	T85n2782	85	2782	1	大乘稻芉經隨聽疏	唐 法成撰
1	T	經集部類	古逸部	T85n2783	85	2783	1	大乘稻芉經隨聽疏決	
2	X	經集部類		X01n0001	01	0001	1	圓覺經佚文	
2	X	淨土宗部類		X01n0005	01	0005	1	無量壽經會譯	清 魏源會譯
2	X	淨土宗部類		X01n0006	01	0006	1	阿彌陀經異本	
2	X	經集部類		X01n0008	01	0008	4	楞伽阿跋多羅寶經會譯	明 員珂會譯
2	X	經集部類		X01n0010	01	0010	2	大明仁孝皇后夢感佛說第一希有大功德經	
2	X	淨土宗部類		X01n0011	01	0011	1	佛說無量壽佛名號利益大事因緣經	曹魏 康僧鎧譯
2	X	淨土宗部類		X01n0012	01	0012	1	觀世音菩薩往生淨土本緣經	失譯 附西晉錄
2	X	淨土宗部類		X01n0013	01	0013	1	念佛超脫輪迴捷徑經	
2	X	淨土宗部類		X01n0014	01	0014	1	十往生阿彌陀佛國經	失譯 出周錄
2	X	經集部類		X01n0015	01	0015	1	淨度三昧經	
2	X	經集部類		X01n0017	01	0017	1	佛說長壽滅罪護諸童子陀羅尼經	唐 佛陀波利譯
2	X	經集部類		X01n0019	01	0019	1	佛說斷溫經	
2	X	經集部類		X01n0020	01	0020	1	佛說地藏菩薩發心因緣十王經	唐 藏川述
2	X	經集部類		X01n0021	01	0021	1	佛說預修十王生七經	唐 藏川述
2	X	經集部類		X01n0023	01	0023	1	大藏正教血盆經	
2	X	經集部類		X01n0024	01	0024	1	壽生經	
2	X	經集部類		X01n0025	01	0025	1	化珠保命真經	
2	X	經集部類		X01n0026	01	0026	2	大梵天王問佛決疑經	
2	X	經集部類		X01n0027	01	0027	1	大梵天王問佛決疑經	
2	X	淨土宗部類		X02n0057	02	0057	1	十二禮	龍樹菩薩造　禪那崛多別譯
2	X	淨土宗部類		X02n0205	02	0205	1	佛說阿彌陀佛根本祕密神咒經	曹魏 菩提流支譯
2	X	華嚴部類		X03n0208	03	0208	1	華嚴經論〔卷十〕	後魏 靈辨造
2	X	華嚴部類		X03n0211	03	0211	1	華嚴經文義記〔卷六〕	隋 靈裕集記
2	X	華嚴部類		X03n0218	03	0218	1	華嚴經入法界品十八問答	唐 澄觀述
2	X	華嚴部類		X03n0220	03	0220	1	華嚴經綸貫	宋 復菴述
2	X	華嚴部類		X03n0221	03	0221	13	續華嚴經略疏刊定記	唐 慧苑述
2	X	華嚴部類		X04n0223	04	0223	120	華嚴經合論	唐 李通玄造論　志寧釐經合論
2	X	華嚴部類		X04n0225	04	0225	4	華嚴經合論簡要	明 李贄簡要
2	X	華嚴部類		X05n0226	05	0226	3	華嚴經合論纂要	明 方澤纂
2	X	華嚴部類		X05n0227	05	0227	10	華嚴經行願品疏	唐 澄觀述
2	X	華嚴部類		X05n0228	05	0228	1	華嚴經行願品疏科	唐 宗密撰集
2	X	華嚴部類		X05n0229	05	0229	6	華嚴經行願品疏鈔	唐 澄觀別行疏　宗密隨疏鈔
2	X	華嚴部類		X05n0230	05	0230	1	華嚴經普賢行願品疏科	宋 遵式治定
2	X	華嚴部類		X05n0231	05	0231	10	華嚴經疏科文	唐 澄觀排定
2	X	華嚴部類		X05n0232	05	0232	9	華嚴經疏鈔玄談	唐 澄觀撰述
2	X	華嚴部類		X07n0234	07	0234	58	華嚴經疏注	唐 澄觀述　宋 淨源錄疏注經
2	X	華嚴部類		X08n0235	08	0235	5	華嚴經談玄抉擇	遼 鮮演述
2	X	華嚴部類		X08n0236	08	0236	40	華嚴懸談會玄記	元 普瑞集
2	X	華嚴部類		X08n0237	08	0237	4	華嚴經文義要決問答	新羅 表員集
2	X	華嚴部類		X08n0238	08	0238	1	華嚴經要解	宋 戒環集
2	X	華嚴部類		X08n0239	08	0239	3	華嚴經吞海集	宋 道通述
2	X	華嚴部類		X08n0240	08	0240	44	華嚴綱要(第1卷-第44卷)	唐 澄觀疏義　明 德清提挈
2	X	華嚴部類		X09n0240	09	0240	36	華嚴綱要(第45卷-第80卷)	唐 澄觀疏義　明 德清提挈
2	X	華嚴部類		X09n0241	09	0241	1	華嚴經綱目貫攝	清 永光錄集
2	X	華嚴部類		X09n0242	09	0242	1	華嚴經三十九品大意	清 永光敬錄
2	X	經集部類		X09n0243	09	0243	3	圓覺經大疏	唐 宗密述
2	X	經集部類		X09n0244	09	0244	2	圓覺經大疏鈔科	唐 宗密製
2	X	經集部類		X09n0245	09	0245	13	圓覺經大疏釋義鈔	唐 宗密撰
2	X	經集部類		X09n0246	09	0246	1	圓覺經略疏科	唐 宗密製
2	X	經集部類		X09n0248	09	0248	12	圓覺經略疏鈔	唐 宗密(於大疏略出)
2	X	經集部類		X10n0249	10	0249	2	圓覺經鈔辨疑誤	宋 觀復撰
2	X	經集部類		X10n0250	10	0250	12	圓覺經疏鈔隨文要解	元 清遠述
2	X	經集部類		X10n0251	10	0251	2	御註圓覺經	宋 孝宗帝註
2	X	經集部類		X10n0252	10	0252	4	圓覺經類解	宋 行霆解
2	X	經集部類		X10n0253	10	0253	12	圓覺經夾頌集解講義	宋 周琪述
2	X	經集部類		X10n0254	10	0254	6	圓覺經心鏡	宋 智聰述
2	X	經集部類		X10n0255	10	0255	1	圓覺經序注	宋 如山註序
2	X	經集部類		X10n0256	10	0256	1	圓覺經略疏序注	宋 如山注
2	X	經集部類		X10n0257	10	0257	2	圓覺經集註	宋 元粹述
2	X	經集部類		X10n0258	10	0258	2	圓覺經直解	明 德清解
2	X	經集部類		X10n0259	10	0259	6	圓覺經近釋	明 通潤述
2	X	經集部類		X10n0260	10	0260	2	圓覺經要解	明 寂正要解
2	X	經集部類		X10n0261	10	0261	1	圓覺經精解評林	明 焦竑纂
2	X	經集部類		X10n0262	10	0262	2	圓覺經句釋正白	清 弘麗著
2	X	經集部類		X10n0263	10	0263	4	圓覺經析義疏	清 通理述
2	X	寶積部類		X10n0264	10	0264	1	大寶積經述	唐 徐鍔撰
2	X	淨土宗部類		X16n0310	16	0310	1	楞嚴經勢至圓通章科解	明 正相解
2	X	淨土宗部類		X16n0311	16	0311	2	楞嚴經勢至圓通章疏鈔	清 續法集
2	X	淨土宗部類		X16n0312	16	0312	1	楞嚴經勢至圓通章解	清 行策撰
2	X	經集部類		X17n0321	17	0321	3	楞伽經註	唐 智嚴註
2	X	經集部類		X17n0322	17	0322	2	楞伽經疏	
2	X	經集部類		X17n0323	17	0323	6	楞伽經通義	宋 善月述
2	X	經集部類		X17n0324	17	0324	4	楞伽經集註	宋 正受集記
2	X	經集部類		X17n0325	17	0325	4	楞伽經纂	宋 楊彥國纂
2	X	經集部類		X17n0326	17	0326	8	觀楞伽經記	明 德清筆記
2	X	經集部類		X17n0327	17	0327	1	楞伽補遺	明 德清撰
2	X	經集部類		X17n0328	17	0328	1	楞伽經玄義	明 智旭撰述
2	X	經集部類		X17n0329	17	0329	4	楞伽經義疏	明 智旭疏義
2	X	經集部類		X17n0330	17	0330	8	楞伽經宗通	明 曾鳳儀宗通
2	X	經集部類		X17n0331	17	0331	8	楞伽經合轍	明 通潤述
2	X	經集部類		X18n0332	18	0332	8	楞伽經參訂疏	明 廣莫參訂
2	X	經集部類		X18n0333	18	0333	1	楞伽經精解評林	明 焦竑纂
2	X	經集部類		X18n0334	18	0334	8	楞伽經心印	清 圅昰疏
2	X	經集部類		X18n0338	18	0338	28	維摩經文疏	隋 智顗撰
2	X	經集部類		X18n0340	18	0340	3	維摩經疏記	唐 湛然述
2	X	經集部類		X19n0343	19	0343	5	維摩經略疏	胡 吉藏撰
2	X	經集部類		X19n0345	19	0345	2	維摩經疏記鈔	唐 道暹私記
2	X	經集部類		X19n0347	19	0347	14	維摩經評註	明 楊起元評註
2	X	經集部類		X19n0348	19	0348	12	維摩經無我疏	明 傳燈著
2	X	經集部類		X19n0349	19	0349	1	維摩經疏科	明
2	X	寶積部類		X19n0351	19	0351	2	勝鬘經義記	隋 慧遠撰
2	X	寶積部類		X19n0352	19	0352	2	勝鬘經述記	唐 大乘基說　義令記
2	X	寶積部類		X19n0353	19	0353	6	勝鬘經疏義私鈔	日本 聖德太子疏　唐 明空私鈔
2	X	經集部類		X20n0355	20	0355	1	金光明經玄義科	明 明得排定
2	X	經集部類		X20n0356	20	0356	2	金光明經玄義拾遺記會本	隋 智顗說　唐 灌頂錄　宋 知禮述　明 明得會
2	X	經集部類		X20n0357	20	0357	1	金光明經文句科	明 明得排定
2	X	經集部類		X20n0358	20	0358	8	金光明經文句文句記會本	隋 智顗說　唐 灌頂錄　宋 知禮述　明 明得會
2	X	經集部類		X20n0359	20	0359	3	金光明經玄義順正記	宋 從義撰
2	X	經集部類		X20n0360	20	0360	7	金光明經文句新記	宋 從義撰
2	X	經集部類		X20n0361	20	0361	2	金光明經照解	宋 宗曉述
2	X	經集部類		X20n0362	20	0362	4	金光明經科註	明 受汰集
2	X	經集部類		X20n0364	20	0364	4	思益梵天所問經簡註	明 圓澄註
2	X	本緣部類		X20n0365	20	0365	1	大乘本生心地觀經淺註懸示	清 來舟述
2	X	本緣部類		X20n0366	20	0366	1	大乘本生心地觀經淺註科文	
2	X	本緣部類		X20n0367	20	0367	3	大乘本生心地觀經淺註(第1卷-第3卷)	清 來舟集
2	X	本緣部類		X21n0367	21	0367	5	大乘本生心地觀經淺註(第4卷-第8卷)	清 來舟集
2	X	經集部類		X21n0368	21	0368	3	大乘密嚴經疏	唐 法藏撰
2	X	經集部類		X21n0369	21	0369	9	解深密經疏	唐 圓測撰
2	X	經集部類		X21n0370	21	0370	1	占察善惡業報經玄義	明 智旭撰
2	X	經集部類		X21n0371	21	0371	2	占察善惡業報經義疏	明 智旭撰
2	X	經集部類		X21n0372	21	0372	2	盂蘭盆經疏新記	唐 宗密疏　宋 元照記
2	X	經集部類		X21n0373	21	0373	2	盂蘭盆經疏會古通今記	宋 普觀述
2	X	經集部類		X21n0374	21	0374	1	盂蘭盆經疏孝衡鈔科	宋 遇榮集定
2	X	經集部類		X21n0375	21	0375	2	盂蘭盆經疏孝衡鈔	宋 遇榮鈔
2	X	經集部類		X21n0376	21	0376	1	盂蘭盆經疏鈔餘義	宋 日新錄
2	X	經集部類		X21n0377	21	0377	1	盂蘭盆經新疏	明 智旭疏
2	X	經集部類		X21n0378	21	0378	1	盂蘭盆經疏折中疏	清 靈耀撰
2	X	經集部類		X21n0379	21	0379	1	盂蘭盆經略疏	清 元奇書
2	X	經集部類		X21n0381	21	0381	1	藥師經直解	清 靈耀撰
2	X	大集部類		X21n0382	21	0382	1	地藏本願經科文	清 岳玄排
2	X	大集部類		X21n0383	21	0383	1	地藏本願經綸貫	清 靈椉撰
2	X	大集部類		X21n0384	21	0384	6	地藏本願經科註	清 靈椉輯
2	X	經集部類		X21n0388	21	0388	1	彌勒上生經述贊	
2	X	經集部類		X21n0389	21	0389	1	彌勒下生經述贊	
2	X	經集部類		X21n0393	21	0393	1	彌勒上生經瑞應鈔科	宋 守千集
2	X	經集部類		X21n0394	21	0394	2	彌勒上生經瑞應鈔	宋 守千集
2	X	淨土宗部類		X22n0397	22	0397	1	無量壽經記	唐 玄一集
2	X	淨土宗部類		X22n0400	22	0400	3	無量壽經起信論	清 彭際清述
2	X	淨土宗部類		X22n0401	22	0401	1	摩訶阿彌陀經衷論	清 王耕心衷論
2	X	淨土宗部類		X22n0405	22	0405	1	釋觀無量壽佛經記	唐 法聰撰
2	X	淨土宗部類		X22n0406	22	0406	1	觀無量壽經疏妙宗鈔科	宋 知禮排定　明 真覺重排
2	X	淨土宗部類		X22n0407	22	0407	5	觀無量壽佛經疏妙宗鈔	隋 智顗說　宋 知禮述　日本 實觀分會
2	X	淨土宗部類		X22n0408	22	0408	1	觀無量壽佛經融心解	宋 知禮撰
2	X	淨土宗部類		X22n0410	22	0410	1	觀無量壽經扶新論	宋 戒度述
2	X	淨土宗部類		X22n0411	22	0411	3	觀無量壽經義疏正觀記	宋 戒度述
2	X	淨土宗部類		X22n0412	22	0412	1	觀無量壽佛經圖頌	明 傳燈述
2	X	淨土宗部類		X22n0413	22	0413	2	觀無量壽經直指疏	清 續法集
2	X	淨土宗部類		X22n0414	22	0414	1	觀無量壽佛經約論	清 彭際清述
2	X	淨土宗部類		X22n0420	22	0420	3	阿彌陀經義疏聞持記	宋 元照述　戒度記
2	X	淨土宗部類		X22n0421	22	0421	1	阿彌陀經句解	元 性澄句解
2	X	淨土宗部類		X22n0422	22	0422	1	阿彌陀經略解	明 大佑述
2	X	淨土宗部類		X22n0423	22	0423	2	阿彌陀經略解圓中鈔	明 大佑述　傳燈鈔
2	X	淨土宗部類		X22n0424	22	0424	4	阿彌陀經疏鈔	明 袾宏述
2	X	淨土宗部類		X22n0425	22	0425	1	阿彌陀經疏鈔事義	明 袾宏述
2	X	淨土宗部類		X22n0426	22	0426	1	阿彌陀經疏鈔問辯	明 袾宏述
2	X	淨土宗部類		X22n0427	22	0427	4	阿彌陀經疏鈔演義	明 古德法師演義　慈航智願定本
2	X	淨土宗部類		X22n0428	22	0428	1	阿彌陀經疏鈔擷	明 袾宏疏鈔　清 徐槐廷擷
2	X	淨土宗部類		X22n0429	22	0429	1	阿彌陀經已決	明 大慧釋
2	X	淨土宗部類		X22n0430	22	0430	3	阿彌陀經要解便蒙鈔	明 智旭要解　清 達默造鈔　達林參訂
2	X	淨土宗部類		X22n0431	22	0431	1	阿彌陀經略註	清 續法錄註
2	X	淨土宗部類		X22n0432	22	0432	1	阿彌陀經註	清 鄭澄德．鄭澄源註
2	X	淨土宗部類		X22n0433	22	0433	1	阿彌陀經約論	清 彭際清述
2	X	淨土宗部類		X22n0434	22	0434	1	阿彌陀經直解正行	清 了根纂註
2	X	淨土宗部類		X22n0435	22	0435	1	阿彌陀經摘要易解	清 真嵩述
2	X	般若部類		X24n0448	24	0448	6	大般若經關法	宋 大隱．永隆排定
2	X	般若部類		X24n0449	24	0449	10	大般若經綱要	清 葛䵻提綱
2	X	般若部類		X24n0451	24	0451	9	大品經義疏	胡 吉藏撰
2	X	般若部類		X24n0454	24	0454	1	金剛經註	東晉 僧肇注
2	X	般若部類		X24n0456	24	0456	3	金剛經註疏	唐 慧淨註
2	X	般若部類		X24n0459	24	0459	2	金剛經解義	唐 慧能解義
2	X	般若部類		X24n0460	24	0460	1	金剛經口訣	唐 慧能說
2	X	般若部類		X24n0461	24	0461	3	金剛經註	宋 道川頌並著語
2	X	般若部類		X24n0462	24	0462	2	金剛經會解	宋 善月述
2	X	般若部類		X24n0463	24	0463	1	金剛經采微科	宋 曇應排
2	X	般若部類		X24n0464	24	0464	2	金剛經采微	宋 曇應述
2	X	般若部類		X24n0465	24	0465	1	金剛經采微餘釋	宋 曇應述
2	X	般若部類		X24n0466	24	0466	1	金剛疏科釋	元 徐行善科
2	X	般若部類		X24n0467	24	0467	9	銷釋金剛經科儀會要註解	宋 宗鏡述　明 覺連重集
2	X	般若部類		X24n0468	24	0468	4	金剛經註解	明 洪蓮編
2	X	般若部類		X24n0469	24	0469	2	金剛經補註	明 韓巖集解　程衷懋補註
2	X	般若部類		X24n0470	24	0470	2	金剛經註解鐵鋑錎	明 屠垠註
2	X	般若部類		X25n0471	25	0471	7	金剛經宗通	明 曾鳳儀宗通
2	X	般若部類		X25n0472	25	0472	2	金剛經偈釋	明 曾鳳儀釋
2	X	般若部類		X25n0473	25	0473	1	金剛經釋	明 真可撰
2	X	般若部類		X25n0474	25	0474	1	金剛經決疑	明 德清撰
2	X	般若部類		X25n0475	25	0475	2	金剛經鎞	明 廣伸述
2	X	般若部類		X25n0476	25	0476	1	金剛經統論	明 林兆恩撰
2	X	般若部類		X25n0477	25	0477	1	金剛經正眼	明 大韻筆記
2	X	般若部類		X25n0478	25	0478	1	金剛經筆記	明 如觀註
2	X	般若部類		X25n0479	25	0479	1	金剛經破空論	明 智旭造論
2	X	般若部類		X25n0480	25	0480	1	金剛經觀心釋	明 智旭述
2	X	般若部類		X25n0481	25	0481	1	金剛經略談	明 觀衡撰
2	X	般若部類		X25n0482	25	0482	1	金剛經略疏	明 元賢述
2	X	般若部類		X25n0483	25	0483	1	金剛經音釋直解	明 圓杲解註
2	X	般若部類		X25n0484	25	0484	1	金剛經大意	清 王起隆述
2	X	般若部類		X25n0485	25	0485	1	金剛經如是解	清 無是道人註解
2	X	般若部類		X25n0486	25	0486	1	金剛經會解了義	清 徐昌治纂
2	X	般若部類		X25n0487	25	0487	2	金剛新眼疏經偈合釋	清 通理述
2	X	般若部類		X25n0488	25	0488	1	金剛經郢說	清 徐發詮次
2	X	般若部類		X25n0489	25	0489	1	金剛經註正訛	清 仲之屏彙纂
2	X	般若部類		X25n0490	25	0490	1	金剛經淺解	清 翁春．王錫琯解釋
2	X	般若部類		X25n0491	25	0491	10	金剛經疏記科會	唐 宗密疏　宋 子璿記　清 大璸科會
2	X	般若部類		X25n0492	25	0492	1	金剛經疏記會編	清 行策會編
2	X	般若部類		X25n0493	25	0493	2	金剛經部旨	清 靈耀撰
2	X	般若部類		X25n0494	25	0494	1	金剛經註釋	清 溥仁乩書　子真乩訂
2	X	般若部類		X25n0495	25	0495	1	金剛經演古	清 寂燄述
2	X	般若部類		X25n0496	25	0496	1	金剛經直說	清 迹刪鷲述
2	X	般若部類		X25n0497	25	0497	1	金剛經石注	清 石成金撰集
2	X	般若部類		X25n0498	25	0498	2	金剛經正解	清 龔穊綵註
2	X	般若部類		X25n0499	25	0499	8	金剛經法眼懸判疏鈔	清 性起述
2	X	般若部類		X25n0500	25	0500	2	金剛經法眼註疏	清 性起述
2	X	般若部類		X25n0501	25	0501	2	金剛經如是經義	清 行敏述
2	X	般若部類		X25n0502	25	0502	2	金剛經註講	清 行敏述
2	X	般若部類		X25n0503	25	0503	1	金剛經注解	清 孚佑帝君註解
2	X	般若部類		X25n0504	25	0504	2	金剛經彙纂	清 孫念劬纂
2	X	般若部類		X25n0505	25	0505	2	金剛經心印疏	清 溥畹述
2	X	般若部類		X25n0506	25	0506	2	金剛經注	清 俞樾註
2	X	般若部類		X25n0507	25	0507	1	金剛經訂義	清 俞樾著
2	X	般若部類		X25n0508	25	0508	2	金剛經闡說	清 存吾闡說
2	X	般若部類		X25n0509	25	0509	2	金剛經解義	清 徐槐廷述
2	X	般若部類		X25n0510	25	0510	2	金剛經易解	清 謝承謨註釋
2	X	般若部類		X26n0513	26	0513	3	仁王經合疏	隋 智顗說　灌頂記　明 道霈合
2	X	般若部類		X26n0514	26	0514	1	仁王經疏會本	隋 智顗說　灌頂記　清 成蓮合
2	X	般若部類		X26n0515	26	0515	1	仁王經科疏科文	明 真貴述
2	X	般若部類		X26n0516	26	0516	1	仁王經科疏懸談	明 真貴述
2	X	般若部類		X26n0517	26	0517	5	仁王經科疏	明 真貴述
2	X	般若部類		X26n0519	26	0519	6	仁王經疏法衡鈔	唐 遇榮集
2	X	般若部類		X26n0520	26	0520	4	仁王經疏	宋 淨源撰集
2	X	般若部類		X26n0521	26	0521	1	般若心經疏	唐 慧淨作
2	X	般若部類		X26n0522	26	0522	1	般若心經疏	唐 靖邁撰
2	X	般若部類		X26n0524	26	0524	1	般若心經幽贊添改科	宋 守千添改
2	X	般若部類		X26n0525	26	0525	3	般若心經幽贊崆峒記	宋 守千集
2	X	般若部類		X26n0526	26	0526	1	般若心經註	中天竺 提婆註
2	X	般若部類		X26n0528	26	0528	1	般若心經略疏	唐 明曠述
2	X	般若部類		X26n0529	26	0529	1	般若心經疏	宋 智圓述
2	X	般若部類		X26n0530	26	0530	1	般若心經疏詒謀鈔	宋 智圓撰
2	X	般若部類		X26n0531	26	0531	3	般若心經略疏顯正記	唐 法藏疏　宋 仲希說
2	X	般若部類		X26n0532	26	0532	2	般若心經略疏小鈔	明 錢謙益集
2	X	般若部類		X26n0533	26	0533	1	般若心經三注	唐 慧忠著　宋 道楷．懷琛述
2	X	般若部類		X26n0534	26	0534	1	般若心經注	宋 道隆述
2	X	般若部類		X26n0535	26	0535	1	般若心經解義節要	明 宋濂文句
2	X	般若部類		X26n0536	26	0536	1	般若心經注解	明 真可撰
2	X	般若部類		X26n0537	26	0537	1	般若心經直談	明 真可撰
2	X	般若部類		X26n0538	26	0538	1	般若心經要論	明 真可說
2	X	般若部類		X26n0539	26	0539	1	般若心經說	明 真可說
2	X	般若部類		X26n0540	26	0540	1	般若心經釋義	明 謝觀光釋
2	X	般若部類		X26n0541	26	0541	1	般若心經釋疑	明 謝觀光釋
2	X	般若部類		X26n0542	26	0542	1	般若心經直說	明 德清述
2	X	般若部類		X26n0543	26	0543	1	般若心經提綱	明 李贄撰
2	X	般若部類		X26n0544	26	0544	1	般若心經釋略	明 林兆恩撰
2	X	般若部類		X26n0545	26	0545	1	般若心經概論	明 林兆恩撰
2	X	般若部類		X26n0546	26	0546	1	般若心經說	明 洪恩述
2	X	般若部類		X26n0547	26	0547	1	般若心經註解	明 諸萬里註
2	X	般若部類		X26n0548	26	0548	1	般若心經斲輪解	明 通容述
2	X	般若部類		X26n0549	26	0549	1	般若心經正眼	明 大文述
2	X	般若部類		X26n0550	26	0550	1	般若心經開度	明 弘麗著
2	X	般若部類		X26n0551	26	0551	1	般若心經發隱	明 正相解
2	X	般若部類		X26n0552	26	0552	1	般若心經際決	明 大慧釋
2	X	般若部類		X26n0553	26	0553	1	般若心經添足	明 弘贊述
2	X	般若部類		X26n0554	26	0554	1	般若心經貫義	明 弘贊述
2	X	般若部類		X26n0555	26	0555	1	般若心經釋要	明 智旭述
2	X	般若部類		X26n0556	26	0556	1	般若心經小談	明 觀衡述
2	X	般若部類		X26n0557	26	0557	1	般若心經一貫疏	明 益證疏
2	X	般若部類		X26n0558	26	0558	1	般若心經指掌	明 元賢述
2	X	般若部類		X26n0559	26	0559	1	般若心經事觀解	清 續法述
2	X	般若部類		X26n0560	26	0560	1	般若心經理性解	清 續法述
2	X	般若部類		X26n0561	26	0561	1	般若心經大意	清 王起隆述
2	X	般若部類		X26n0562	26	0562	1	般若心經解	清 徐昌治解
2	X	般若部類		X26n0563	26	0563	1	般若心經請益說	清 道霈說
2	X	般若部類		X26n0564	26	0564	1	般若心經註疏	清 仲之屏纂註
2	X	般若部類		X26n0565	26	0565	1	般若心經論	清 圅昰撰
2	X	般若部類		X26n0566	26	0566	1	般若心經彙纂	清 孫念劬纂
2	X	般若部類		X26n0567	26	0567	1	般若心經如是經義	清 行敏述
2	X	般若部類		X26n0568	26	0568	1	般若心經註講	清 行敏述
2	X	般若部類		X26n0569	26	0569	1	般若心經句解易知	清 王澤泩註解
2	X	般若部類		X26n0570	26	0570	1	般若心經解義	清 徐槐廷解義
2	X	般若部類		X26n0571	26	0571	1	般若心經註解	清 敬止撰
2	X	般若部類		X26n0572	26	0572	1	般若心經易解	清 謝承謨註釋
2	X	般若部類		X26n0573	26	0573	1	般若心經註解	唐 大顛祖師註解
2	X	般若部類		X26n0574	26	0574	1	般若心經註解	明 何道全註
2	X	般若部類		X26n0575	26	0575	2	般若心經註解	
2	X	般若部類		X26n0576	26	0576	1	般若心經註解	清 孚佑帝君註解
2	X	法華部類		X27n0577	27	0577	2	法華經疏	劉宋 竺道生撰
2	X	法華部類		X27n0582	27	0582	3	法華統略	胡 吉藏撰
2	X	法華部類		X27n0583	27	0583	1	法華經大意	唐 湛然述
2	X	法華部類		X27n0584	27	0584	16	法華三大部科文	唐 湛然述
2	X	法華部類		X28n0585	28	0585	20	法華經三大部讀教記	宋 法照撰
2	X	法華部類		X28n0586	28	0586	14	法華經三大部補注	宋 從義撰
2	X	法華部類		X28n0587	28	0587	2	大部妙玄格言	宋 善月述
2	X	法華部類		X28n0588	28	0588	4	法華經玄籤備撿	宋 有嚴述
2	X	法華部類		X28n0589	28	0589	2	法華經玄義節要	明 智旭節
2	X	法華部類		X28n0590	28	0590	1	法華經玄義輯略	明 傳燈錄
2	X	法華部類		X28n0591	28	0591	1	法華經釋籤緣起序指明	清 靈耀述
2	X	法華部類		X28n0592	28	0592	10	法華經玄籤證釋	清 智銓述
2	X	法華部類		X28n0593	28	0593	10	法華經文句輔正記	唐 道暹述
2	X	法華部類		X29n0594	29	0594	6	法華經疏義纘	唐 智度述
2	X	法華部類		X29n0595	29	0595	2	妙經文句私志諸品要義	唐 智雲述
2	X	法華部類		X29n0596	29	0596	14	妙經文句私志記	唐 智雲撰
2	X	法華部類		X29n0597	29	0597	4	法華經文句記箋難	宋 有嚴箋
2	X	法華部類		X29n0598	29	0598	3	法華經文句格言	宋 善月述
2	X	法華部類		X29n0599	29	0599	7	法華經文句纂要	清 道霈纂要
2	X	法華部類		X30n0600	30	0600	12	法華經入疏	宋 道威入注
2	X	法華部類		X30n0601	30	0601	1	法華經要解科	
2	X	法華部類		X30n0602	30	0602	7	法華經要解	宋 戒環解
2	X	法華部類		X30n0603	30	0603	7	法華經合論	宋 慧洪造　張商英撰
2	X	法華部類		X30n0604	30	0604	8	法華經句解	宋 聞達解
2	X	法華部類		X30n0605	30	0605	10	法華經科註	宋 守倫註　明 法濟參訂
2	X	法華部類		X31n0606	31	0606	8	法華經科註	元 徐行善科註
2	X	法華部類		X31n0607	31	0607	7	法華經科註	明 一如集註
2	X	法華部類		X31n0608	31	0608	7	法華經知音	明 如愚著
2	X	法華部類		X31n0609	31	0609	3	法華經大意	明 無相說
2	X	法華部類		X31n0610	31	0610	1	法華經擊節	明 德清述
2	X	法華部類		X31n0611	31	0611	7	法華經通義	明 德清述
2	X	法華部類		X31n0612	31	0612	2	法華經精解評林	明 焦竑纂
2	X	法華部類		X31n0613	31	0613	1	法華經意語	明 圓澄說　明海重訂
2	X	法華部類		X31n0614	31	0614	7	法華經大窾	明 通潤箋
2	X	法華部類		X32n0615	32	0615	1	法華經綸貫	明 智旭述
2	X	法華部類		X32n0616	32	0616	7	法華經會義	明 智旭述
2	X	法華部類		X32n0617	32	0617	7	法華經卓解	清 徐昌治著
2	X	法華部類		X32n0618	32	0618	1	法華經大成科	清 際慶排錄
2	X	法華部類		X32n0619	32	0619	9	法華經大成	清 大義集
2	X	法華部類		X32n0620	32	0620	1	法華經大成音義	清 淨昇集
2	X	法華部類		X32n0621	32	0621	1	法華經授手〔卷首〕	清 智祥集
2	X	法華部類		X32n0622	32	0622	1	法華經授手科	清 智祥排
2	X	法華部類		X32n0623	32	0623	10	法華經授手	清 智祥集
2	X	法華部類		X33n0624	33	0624	1	法華經演義科	清 廣和標科
2	X	法華部類		X33n0625	33	0625	7	法華經演義	清 一松講錄　廣和編定
2	X	法華部類		X33n0626	33	0626	1	法華經科拾懸談卷首	清 佛閑立科　智一拾遺
2	X	法華部類		X33n0627	33	0627	1	法華經科拾科	清 佛閑立科　智一重訂
2	X	法華部類		X33n0628	33	0628	7	法華經科拾	清 佛閑立科　智一拾遺
2	X	法華部類		X33n0629	33	0629	1	法華經指掌疏科文	清 通理述
2	X	法華部類		X33n0630	33	0630	1	法華經指掌疏懸示	清 通理述
2	X	法華部類		X33n0631	33	0631	7	法華經指掌疏	清 通理述
2	X	法華部類		X33n0632	33	0632	1	法華經指掌疏事義	清 通理述
2	X	法華部類		X33n0633	33	0633	1	法華經為為章	唐 窺基撰
2	X	法華部類		X34n0636	34	0636	4	法華經玄贊攝釋	唐 智周撰
2	X	法華部類		X34n0637	34	0637	2	法華經玄贊決擇記	唐 崇俊撰　法清集疏
2	X	法華部類		X34n0638	34	0638	31	法華經玄贊要集	唐 栖復集
2	X	法華部類		X34n0639	34	0639	1	法華經玄贊釋	
2	X	法華部類		X35n0640	35	0640	1	觀音經玄義記會本科	
2	X	法華部類		X35n0641	35	0641	1	觀音經玄義記條箇	
2	X	法華部類		X35n0642	35	0642	4	觀音經玄義記會本	隋 智顗說　宋 知禮述
2	X	法華部類		X35n0643	35	0643	1	觀音經義疏記會本科	
2	X	法華部類		X35n0644	35	0644	1	觀音經義疏記條箇	
2	X	法華部類		X35n0645	35	0645	4	觀音經義疏記會本	隋 智顗說　宋 知禮述
2	X	法華部類		X35n0646	35	0646	1	觀音經普門品重頌	宋 遵式述
2	X	法華部類		X35n0647	35	0647	1	觀音經普門品膚說	清 靈耀說
2	X	法華部類		X35n0648	35	0648	1	高王觀音經註釋	清 周上智錄出
2	X	法華部類		X35n0649	35	0649	1	普賢觀經義疏科	
2	X	法華部類		X35n0650	35	0650	2	普賢觀經義疏	宋 本如述　處咸續解　日本 亮潤分會
2	X	法華部類		X35n0651	35	0651	4	金剛三昧經注解	明 圓澄註
2	X	法華部類		X35n0652	35	0652	12	金剛三昧經通宗記	清 𧧌震述
2	X	涅槃部類		X36n0656	36	0656	2	涅槃經玄義文句	隋 灌頂撰　唐 道暹撰　日本 守篤分會
2	X	涅槃部類		X36n0657	36	0657	10	涅槃經治定疏科	宋 智圓撰
2	X	涅槃部類		X36n0658	36	0658	3	涅槃經會疏條箇	
2	X	涅槃部類		X36n0659	36	0659	36	涅槃經會疏	隋 灌頂撰　唐 湛然再治　日本 本純分會
2	X	涅槃部類		X37n0660	37	0660	12	涅槃經疏私記	唐 行滿集
2	X	涅槃部類		X37n0661	37	0661	9	涅槃經疏私記	唐 道暹述
2	X	涅槃部類		X37n0662	37	0662	19	涅槃經疏三德指歸	宋 智圓述
2	X	涅槃部類		X37n0663	37	0663	1	科南本涅槃經	元 師正排科　可度重訂
2	X	涅槃部類		X37n0664	37	0664	1	涅槃經會疏解	元 師正分科　明 圓澄會疏
2	X	涅槃部類		X37n0665	37	0665	1	遺教經補註	宋 守遂註　明 了童補註
2	X	涅槃部類		X37n0666	37	0666	1	遺教經解	明 智旭述
2	X	經集部類		X37n0669	37	0669	1	四十二章經註	宋 守遂註　明 了童補註
2	X	經集部類		X37n0670	37	0670	1	四十二章經解	明 智旭著
2	X	經集部類		X37n0671	37	0671	5	四十二章經疏鈔	清 續法述
2	X	經集部類		X37n0672	37	0672	1	八大人覺經略解	明 智旭解
2	X	經集部類		X37n0673	37	0673	1	八大人覺經疏	清 續法述
2	X	經集部類		X37n0674	37	0674	14	閱經十二種	清 淨挺著
2	X	經集部類		X37n0675	37	0675	3	佛祖三經指南	明 道霈述
2	X	律部類		X38n0676	38	0676	2	梵網菩薩戒經義疏	隋 智顗說　唐 灌頂記
2	X	律部類		X38n0678	38	0678	3	梵網菩薩戒經疏註	宋 與咸(入疏箋經加註釋疏)
2	X	律部類		X38n0679	38	0679	5	梵網菩薩戒經義疏發隱	明 袾宏發隱
2	X	律部類		X38n0680	38	0680	1	梵網菩薩戒經義疏發隱事義	明 袾宏述
2	X	律部類		X38n0681	38	0681	1	梵網菩薩戒經義疏發隱問辯	明 袾宏述
2	X	律部類		X38n0682	38	0682	2	梵網經記	唐 傳奧述
2	X	律部類		X38n0683	38	0683	1	梵網經菩薩戒本私記	新羅 元曉造
2	X	律部類		X38n0686	38	0686	2	梵網經菩薩戒本述記	唐 勝莊撰
2	X	律部類		X38n0687	38	0687	2	梵網經菩薩戒本疏	唐 知周撰
2	X	律部類		X38n0690	38	0690	1	梵網經菩薩戒疏	唐 法銑撰
2	X	律部類		X38n0691	38	0691	3	梵網經菩薩戒注	宋 慧因註
2	X	律部類		X38n0692	38	0692	1	菩薩戒疏隨見錄	明 今釋造
2	X	律部類		X38n0693	38	0693	1	梵網經玄義	明 智旭述　道昉訂
2	X	律部類		X38n0694	38	0694	7	梵網經合註	明 智旭註　道昉訂
2	X	律部類		X38n0695	38	0695	8	梵網經菩薩戒略疏	明 弘贊述
2	X	律部類		X38n0696	38	0696	1	半月誦菩薩戒儀式註	明 弘贊注
2	X	律部類		X38n0697	38	0697	2	梵網經直解	明 寂光直解
2	X	律部類		X38n0698	38	0698	1	梵網經直解事義	
2	X	律部類		X39n0699	39	0699	2	梵網經順硃	清 德玉順硃
2	X	律部類		X39n0700	39	0700	8	梵網經菩薩戒初津	清 書玉述
2	X	律部類		X39n0702	39	0702	1	菩薩戒本箋要	明 智旭箋
2	X	律部類		X39n0703	39	0703	1	菩薩戒羯磨文釋	明 智旭釋
2	X	瑜伽部類		X39n0704	39	0704	3	地持論義記	隋 慧遠述
2	X	律部類		X39n0705	39	0705	1	瓔珞本業經疏	新羅 元曉撰
2	X	經集部類		X39n0706	39	0706	1	十善業道經節要	清 蕅益編訂
2	X	律部類		X39n0707	39	0707	1	新刪定四分僧戒本	唐 道宣刪定
2	X	律部類		X39n0708	39	0708	2	毗尼珍敬錄	明 廣承輯錄　智旭會補
2	X	律部類		X39n0709	39	0709	16	毗尼止持會集	清 讀體集
2	X	律部類		X39n0712	39	0712	1	四分律含注戒本疏發揮記	宋 允堪述
2	X	律部類		X39n0713	39	0713	4	四分律含注戒本疏科	宋 元照錄
2	X	律部類		X39n0714	39	0714	3	四分律含注戒本疏行宗記(第1卷-第3卷)	唐 道宣撰　宋 元照述　日本 即靜分會
2	X	律部類		X40n0714	40	0714	2	四分律含注戒本疏行宗記(第3卷-第4卷)	唐 道宣撰　宋 元照述　日本 即靜分會
2	X	律部類		X40n0715	40	0715	1	釋四分戒本序	宋 道言述
2	X	律部類		X40n0716	40	0716	1	四分戒本緣起事義	明 廣莫輯錄
2	X	律部類		X40n0717	40	0717	12	四分戒本如釋	明 弘贊繹
2	X	律部類		X40n0718	40	0718	4	四分戒本約義	明 元賢述
2	X	律部類		X40n0719	40	0719	17	重治毗尼事義集要	明 智旭輯繹
2	X	律部類		X40n0720	40	0720	16	毗尼關要	清 德基輯
2	X	律部類		X40n0721	40	0721	1	毗尼關要事義	清 德基輯
2	X	律部類		X40n0722	40	0722	1	四分刪定比丘尼戒本	宋 元照重定
2	X	律部類		X40n0723	40	0723	1	四分比丘尼鈔科	宋 允堪述
2	X	律部類		X40n0724	40	0724	3	四分比丘尼鈔	唐 道宣述
2	X	律部類		X40n0725	40	0725	1	式叉摩那尼戒本	明 弘贊輯
2	X	律部類		X40n0726	40	0726	8	四分律隨機羯磨疏正源記	宋 允堪述
2	X	律部類		X41n0727	41	0727	4	四分律刪補隨機羯磨疏科	宋 元照錄
2	X	律部類		X41n0728	41	0728	4	四分律刪補隨機羯磨疏濟緣記	唐 道宣疏　宋 元照述　日本 禪能合會
2	X	律部類		X41n0729	41	0729	1	羯磨經序解	宋 則安述
2	X	律部類		X41n0730	41	0730	15	毗尼作持續釋	唐 道宣撰集　清 讀體續釋
2	X	律部類		X41n0731	41	0731	10	四分律疏	唐 法礪撰述
2	X	律部類		X41n0732	41	0732	3	四分律搜玄錄	唐 志鴻撰述
2	X	律部類		X42n0733	42	0733	8	四分律疏飾宗義記	唐 定賓作
2	X	律部類		X42n0734	42	0734	1	四分律疏	唐 智首撰
2	X	律部類		X42n0735	42	0735	10	四分律開宗記	唐 懷素撰
2	X	律部類		X42n0736	42	0736	14	四分律行事鈔批	唐 大覺撰
2	X	律部類		X43n0737	43	0737	17	四分律行事鈔簡正記	後唐 景霄纂
2	X	律部類		X43n0738	43	0738	3	四分律行事鈔科	宋 元照錄
2	X	律部類		X44n0740	44	0740	1	資持記序解并五例講義	宋 則安述
2	X	律部類		X44n0741	44	0741	1	行事鈔諸家記標目	宋 慧顯集　日本 戒月改錄
2	X	律部類		X44n0742	44	0742	1	資持記立題拾義	宋 道標出
2	X	律部類		X44n0743	44	0743	3	毗尼討要	唐 玄惲纂
2	X	律部類		X44n0744	44	0744	40	四分律名義標釋	明 弘贊輯
2	X	律部類		X44n0745	44	0745	1	四分律藏大小持戒犍度略釋	明 智旭釋
2	X	律部類		X44n0746	44	0746	1	四分律拾毗尼義鈔科	宋 元照錄
2	X	律部類		X44n0747	44	0747	2	四分律拾毗尼義鈔	唐 道宣撰
2	X	律部類		X44n0748	44	0748	6	四分律拾毗尼義鈔輔要記	宋 允堪述
2	X	律部類		X44n0749	44	0749	1	佛說齋經科註	明 智旭科註
2	X	律部類		X44n0750	44	0750	2	佛說目連五百問經略解	明 性祇述
2	X	律部類		X44n0751	44	0751	2	佛說目連五百問戒律中輕重事經釋	明 永海述
2	X	華嚴部類		X45n0753	45	0753	4	十地經論義記	隋 慧遠撰
2	X	論集部類		X45n0754	45	0754	1	起信論一心二門大意	陳 智愷作
2	X	論集部類		X45n0755	45	0755	1	起信論義疏	隋 曇延撰
2	X	論集部類		X45n0757	45	0757	6	起信論疏記	新羅 元曉疏並別記
2	X	論集部類		X45n0759	45	0759	2	起信論同異集	唐 見登集
2	X	論集部類		X45n0762	45	0762	2	起信論纂註	明 真界纂註
2	X	論集部類		X45n0763	45	0763	2	起信論捷要	明 正遠註
2	X	論集部類		X45n0764	45	0764	2	起信論續疏	明 通潤述疏
2	X	論集部類		X45n0765	45	0765	2	大乘起信論疏略	唐 法藏造疏　明 德清纂略
2	X	論集部類		X45n0766	45	0766	2	起信論直解	明 德清述
2	X	論集部類		X45n0767	45	0767	1	起信論疏記會閱卷首	
2	X	論集部類		X45n0768	45	0768	10	起信論疏記會閱	清 續法會編
2	X	論集部類		X45n0770	45	0770	1	釋摩訶衍論記	唐 聖法鈔
2	X	論集部類		X45n0771	45	0771	2	釋摩訶衍論疏	唐 法敏集
2	X	論集部類		X45n0772	45	0772	5	釋摩訶衍論贊玄疏	宋 法悟撰
2	X	論集部類		X46n0773	46	0773	1	釋摩訶衍論科	宋 普觀治定
2	X	論集部類		X46n0774	46	0774	6	釋摩訶衍論記	宋 普觀述
2	X	論集部類		X46n0775	46	0775	4	釋摩訶衍論通玄鈔	遼 志福撰
2	X	論集部類		X46n0776	46	0776	4	大宗地玄文本論略註	清 楊文會略註
2	X	論集部類		X46n0777	46	0777	1	金剛頂菩提心論略記	唐 遍滿撰
2	X	中觀部類		X46n0784	46	0784	7	大乘四論玄義	唐 均正撰
2	X	瑜伽部類		X46n0786	46	0786	1	大乘法界無差別論疏領要鈔科	宋 普觀錄
2	X	瑜伽部類		X46n0787	46	0787	2	大乘法界無差別論疏領要鈔	宋 普觀述
2	X	中觀部類		X46n0788	46	0788	1	掌珍論疏	
2	X	法華部類		X46n0790	46	0790	1	法華經論述記	唐
2	X	般若部類		X46n0791	46	0791	7	大智度論疏	南北朝 慧影抄撰
2	X	瑜伽部類		X47n0794	47	0794	1	瑜伽論劫章頌	唐 窺基撰
2	X	瑜伽部類		X48n0796	48	0796	10	雜集論述記	唐 窺基撰
2	X	瑜伽部類		X48n0797	48	0797	1	中邊分別論疏	新羅 元曉撰
2	X	瑜伽部類		X48n0799	48	0799	3	百法論顯幽鈔	宋 從芳述
2	X	瑜伽部類		X48n0802	48	0802	1	百法明門論論義	明 德清述
2	X	瑜伽部類		X48n0803	48	0803	1	百法明門論纂	明 廣益纂釋
2	X	瑜伽部類		X48n0804	48	0804	1	百法明門論贅言	唐 窺基解　明 明昱贅言
2	X	瑜伽部類		X48n0805	48	0805	1	百法明門論直解	明 智旭解
2	X	瑜伽部類		X48n0806	48	0806	2	成唯識論料簡	唐 窺基撰
2	X	瑜伽部類		X48n0808	48	0808	4	成唯識論別抄	唐 窺基撰
2	X	瑜伽部類		X49n0810	49	0810	1	成唯識論掌中樞要記	唐 智周述
2	X	瑜伽部類		X49n0812	49	0812	1	成唯識論了義燈記	唐 智周撰
2	X	瑜伽部類		X49n0814	49	0814	5	成唯識論義蘊	唐 道邑撰
2	X	瑜伽部類		X49n0815	49	0815	12	成唯識論疏義演	唐 如理集
2	X	瑜伽部類		X50n0816	50	0816	1	成唯識論演秘釋	唐 如理撰
2	X	瑜伽部類		X50n0817	50	0817	1	註成唯識論	
2	X	瑜伽部類		X50n0818	50	0818	7	成唯識論學記	新羅 太賢集
2	X	瑜伽部類		X50n0819	50	0819	16	成唯識論疏抄	唐 靈泰撰
2	X	瑜伽部類		X50n0820	50	0820	10	成唯識論俗詮	明 明昱俗詮
2	X	瑜伽部類		X50n0821	50	0821	10	成唯識論集解	明 通潤集解
2	X	瑜伽部類		X50n0822	50	0822	3	成唯識論證義(第1卷-第3卷)	明 王肯堂證義
2	X	瑜伽部類		X51n0822	51	0822	7	成唯識論證義(第4卷-第10卷)	明 王肯堂證義
2	X	瑜伽部類		X51n0823	51	0823	10	成唯識論自攷	明 大惠錄
2	X	瑜伽部類		X51n0824	51	0824	10	成唯識論觀心法要	明 智旭述
2	X	瑜伽部類		X51n0825	51	0825	2	成唯識論音響補遺科	清 智素科
2	X	瑜伽部類		X51n0826	51	0826	10	成唯識論音響補遺	清 智素補遺
2	X	瑜伽部類		X51n0827	51	0827	1	唯識三十論約意	明 明昱約意
2	X	瑜伽部類		X51n0828	51	0828	1	唯識三十論直解	明 智旭解
2	X	瑜伽部類		X51n0830	51	0830	1	觀所緣緣論會釋	明 明昱會釋
2	X	瑜伽部類		X51n0831	51	0831	1	觀所緣緣論直解	明 智旭解
2	X	瑜伽部類		X51n0832	51	0832	1	觀所緣緣論釋記	明 明昱錄記
2	X	瑜伽部類		X51n0833	51	0833	1	觀所緣緣論釋直解	明 智旭解
2	X	毘曇部類		X53n0836	53	0836	7	俱舍論疏	唐 神泰述
2	X	毘曇部類		X53n0837	53	0837	1	俱舍論法宗原	唐 普光撰
2	X	毘曇部類		X53n0838	53	0838	1	俱舍論頌疏序記	唐 法盈修
2	X	毘曇部類		X53n0839	53	0839	3	俱舍論頌疏義鈔	唐 慧暉述
2	X	毘曇部類		X53n0841	53	0841	29	俱舍論頌疏記	唐 遁麟述
2	X	毘曇部類		X53n0842	53	0842	2	俱舍論頌疏	某補作
2	X	毘曇部類		X53n0843	53	0843	2	順正理論述文記	唐 元瑜述
2	X	涅槃部類		X53n0845	53	0845	1	遺教經論住法記	宋 元照述
2	X	涅槃部類		X53n0846	53	0846	3	遺教經論記	宋 觀復述
2	X	論集部類		X53n0847	53	0847	1	因明入正理門論述記	唐 神泰述
2	X	論集部類		X53n0848	53	0848	1	因明入正理論疏	唐 文軌述
2	X	論集部類		X53n0852	53	0852	1	因明入正理論續疏	唐 慧沼述
2	X	論集部類		X53n0853	53	0853	3	因明入正理論疏前記	唐 智周撰
2	X	論集部類		X53n0854	53	0854	3	因明入正理論疏後記	唐 智周撰
2	X	論集部類		X53n0855	53	0855	1	因明入正理論疏抄	唐 智周撰
2	X	論集部類		X53n0856	53	0856	1	因明入正理論解	明 真界集解
2	X	論集部類		X53n0857	53	0857	1	因明入正理論集解	明 王肯堂集釋
2	X	論集部類		X53n0858	53	0858	1	因明入正理論直疏	明 明昱疏
2	X	論集部類		X53n0859	53	0859	1	因明入正理論直解	明 智旭述
2	X	論集部類		X53n0860	53	0860	1	判比量論	新羅 元曉述
2	X	論集部類		X53n0861	53	0861	1	三支比量義鈔	唐 玄奘立　宋 延壽造　明 明昱鈔
2	X	論集部類		X53n0862	53	0862	1	真唯識量略解	明 智旭略解
2	X	中觀部類		X54n0866	54	0866	2	肇論疏	晉 惠達撰
2	X	中觀部類		X54n0868	54	0868	1	肇論疏科	宋 遵式排定
2	X	中觀部類		X54n0869	54	0869	1	夾科肇論序注	宋 曉月注
2	X	中觀部類		X54n0870	54	0870	6	注肇論疏	宋 遵式述
2	X	中觀部類		X54n0872	54	0872	3	肇論新疏游刃	元 文才述
2	X	中觀部類		X54n0873	54	0873	6	肇論略註	明 德清述
2	X	中觀部類		X54n0876	54	0876	1	三論略章	隋 吉藏撰
2	X	中觀部類		X54n0878	54	0878	1	物不遷正量證	明 道衡述
2	X	中觀部類		X54n0879	54	0879	2	物不遷正量論	明 鎮澄著
2	X	中觀部類		X54n0880	54	0880	1	物不遷論辯解	明 真界解
2	X	瑜伽部類		X55n0882	55	0882	3	大乘法苑義林章補闕	唐 慧沼撰
2	X	瑜伽部類		X55n0883	55	0883	2	大乘法苑義林章決擇記	唐 智周撰
2	X	瑜伽部類		X55n0884	55	0884	1	表無表章栖翫記	宋 守千述
2	X	瑜伽部類		X55n0888	55	0888	2	唯識開蒙問答	元 雲峯集
2	X	瑜伽部類		X55n0890	55	0890	1	八識規矩補註證義	明 明昱證義
2	X	瑜伽部類		X55n0891	55	0891	1	八識規矩略說	明 正誨略說
2	X	瑜伽部類		X55n0892	55	0892	1	八識規矩頌解	明 真可述
2	X	瑜伽部類		X55n0893	55	0893	1	八識規矩通說	明 德清述
2	X	瑜伽部類		X55n0894	55	0894	1	八識規矩纂釋	明 廣益纂釋
2	X	瑜伽部類		X55n0895	55	0895	1	八識規矩直解	明 智旭解
2	X	瑜伽部類		X55n0896	55	0896	1	八識規矩淺說	清 行舟說
2	X	瑜伽部類		X55n0897	55	0897	1	八識規矩頌注	清 行舟註
2	X	瑜伽部類		X55n0898	55	0898	1	八識規矩論義	清 性起論釋　善漳等錄
2	X	瑜伽部類		X55n0899	55	0899	1	相宗八要	明 洪恩輯
2	X	瑜伽部類		X55n0900	55	0900	1	相宗八要解	明 明昱著
2	X	瑜伽部類		X55n0901	55	0901	1	相宗八要直解	明 智旭解
2	X	瑜伽部類		X55n0902	55	0902	1	一乘佛性究竟論	唐 法寶述
2	X	法華部類		X55n0903	55	0903	1	隨自意三昧	陳 慧思撰
2	X	法華部類		X55n0904	55	0904	5	大乘止觀法門宗圓記	宋 了然述
2	X	法華部類		X55n0905	55	0905	4	大乘止觀法門釋要	明 智旭述
2	X	法華部類		X55n0907	55	0907	1	禪門章	隋 智顗說
2	X	法華部類		X55n0908	55	0908	1	禪門要略	隋 智顗出
2	X	法華部類		X55n0909	55	0909	2	三觀義	隋 智顗撰
2	X	法華部類		X55n0911	55	0911	1	觀心食法	隋 智顗述
2	X	法華部類		X55n0912	55	0912	1	觀心誦經法記	隋 智顗說　唐 湛然述
2	X	法華部類		X55n0913	55	0913	1	天台智者大師發願文	隋 智顗撰
2	X	法華部類		X55n0914	55	0914	1	普賢菩薩發願文	隋 智顗撰
2	X	法華部類		X55n0915	55	0915	3	刪定止觀	唐 梁肅述
2	X	法華部類		X55n0916	55	0916	1	天台智者大師傳論	唐 梁肅述
2	X	法華部類		X55n0917	55	0917	1	止觀科節	唐 法藏撰
2	X	法華部類		X55n0918	55	0918	1	止觀記中異義	唐 道邃說　乾淑集
2	X	法華部類		X55n0919	55	0919	10	止觀輔行搜要記	唐 湛然述
2	X	法華部類		X55n0920	55	0920	4	止觀輔行助覽	宋 有嚴注
2	X	法華部類		X56n0921	56	0921	6	摩訶止觀義例纂要	宋 從義撰
2	X	法華部類		X56n0922	56	0922	1	摩訶止觀義例科	宋 從義排
2	X	法華部類		X56n0923	56	0923	6	摩訶止觀義例隨釋	宋 處元述
2	X	法華部類		X56n0924	56	0924	2	摩訶止觀貫義科	明 天溪說　清 靈耀補定
2	X	法華部類		X56n0925	56	0925	1	十不二門義	唐 道邃錄出
2	X	法華部類		X56n0926	56	0926	2	法華十妙不二門示珠指	宋 源清述
2	X	法華部類		X56n0927	56	0927	1	註法華本迹十不二門	宋 宗翌述
2	X	法華部類		X56n0928	56	0928	1	十不二門文心解	宋 仁岳述
2	X	法華部類		X56n0929	56	0929	1	法華玄記十不二門顯妙	宋 處謙述
2	X	法華部類		X56n0930	56	0930	2	十不二門樞要	宋 了然述
2	X	法華部類		X56n0931	56	0931	2	十不二門指要鈔詳解	宋 可度詳解　明 正謐分會
2	X	法華部類		X56n0932	56	0932	2	金剛錍論私記	唐 明曠記　日本 辯才會
2	X	法華部類		X56n0933	56	0933	1	金剛錍科	宋 淨岳撰
2	X	法華部類		X56n0934	56	0934	1	金剛錍科	宋 智圓集
2	X	法華部類		X56n0935	56	0935	4	金剛錍顯性錄	宋 智圓集
2	X	法華部類		X56n0936	56	0936	1	金剛錍論義解	宋 善月述
2	X	法華部類		X56n0937	56	0937	3	金剛錍論釋文	宋 時舉釋　明 海眼會
2	X	法華部類		X56n0938	56	0938	1	始終心要注	宋 從義注
2	X	法華部類		X56n0939	56	0939	3	法華五百問論	唐 湛然述
2	X	法華部類		X56n0940	56	0940	1	學天台宗法門大意	唐 行滿述
2	X	法華部類		X56n0941	56	0941	1	六即義	唐 行滿述
2	X	法華部類		X56n0942	56	0942	6	天台宗未決（附釋疑）	日本 最澄．圓澄．義真．光定．德圓 問　唐 道邃．廣修．維蠲．宗頴 答
2	X	法華部類		X56n0943	56	0943	1	法華龍女成佛權實義	宋 源清述
2	X	法華部類		X56n0944	56	0944	1	寶雲振祖集	宋 宗曉編
2	X	法華部類		X56n0946	56	0946	1	螺溪振祖集	宋 元悟編
2	X	法華部類		X56n0948	56	0948	7	四明仁岳異說叢書	宋 繼忠集
2	X	法華部類		X56n0949	56	0949	51	閑居編	宋 智圓著
2	X	法華部類		X57n0950	57	0950	3	金園集	宋 遵式述　慧觀重編
2	X	法華部類		X57n0951	57	0951	3	天竺別集	宋 遵式述　慧觀重編
2	X	法華部類		X57n0952	57	0952	1	重編天台諸文類集	宋 如吉編
2	X	法華部類		X57n0953	57	0953	1	別傳心法議	宋 戒珠撰
2	X	法華部類		X57n0954	57	0954	1	三千有門頌略解	明 真覺略解
2	X	法華部類		X57n0955	57	0955	1	復宗集	宋 與咸述
2	X	法華部類		X57n0956	57	0956	2	山家義苑	宋 可觀述　智增證
2	X	法華部類		X57n0957	57	0957	1	竹菴艸錄	宋 可觀撰
2	X	法華部類		X57n0958	57	0958	1	圓頓宗眼	宋 法登述
2	X	法華部類		X57n0959	57	0959	1	議中興教觀	宋 法登述
2	X	法華部類		X57n0960	57	0960	1	三教出興頌註	宋 宗曉注
2	X	法華部類		X57n0961	57	0961	1	施食通覽	宋 宗曉編
2	X	法華部類		X57n0962	57	0962	1	不可剎那無此君	宋 義銛述
2	X	法華部類		X57n0963	57	0963	1	北峯教義	宋 宗印撰
2	X	法華部類		X57n0964	57	0964	4	台宗十類因革論	宋 善月述
2	X	法華部類		X57n0965	57	0965	3	山家緒餘集	宋 善月述
2	X	法華部類		X57n0966	57	0966	4	台宗精英集	宋 普容集
2	X	法華部類		X57n0967	57	0967	2	教觀撮要論	宋
2	X	法華部類		X57n0968	57	0968	2	增修教苑清規	元 自慶編述
2	X	法華部類		X57n0969	57	0969	2	天台傳佛心印記註	明 傳燈註
2	X	法華部類		X57n0970	57	0970	6	性善惡論	明 傳燈著
2	X	法華部類		X57n0971	57	0971	1	書	明 克勤著
2	X	法華部類		X57n0972	57	0972	3	法界安立圖	明 仁潮錄
2	X	法華部類		X57n0974	57	0974	1	教觀綱宗釋義	明 智旭述
2	X	法華部類		X57n0975	57	0975	4	隨緣集	清 靈耀著
2	X	法華部類		X57n0976	57	0976	3	四教儀集解	宋 從義撰
2	X	法華部類		X57n0977	57	0977	2	四教儀備釋	元 元粹述
2	X	法華部類		X57n0978	57	0978	1	四教儀集註科	元 蒙潤排定
2	X	法華部類		X57n0979	57	0979	1	四教儀集註節義	清 靈耀節
2	X	法華部類		X57n0980	57	0980	10	四教儀註彙補輔宏記	清 性權記
2	X	華嚴部類		X58n0985	58	0985	1	華嚴融會一乘義章明宗記	宋 師會述
2	X	華嚴部類		X58n0991	58	0991	1	華嚴經普賢觀行法門	唐 法藏撰
2	X	華嚴部類		X58n0993	58	0993	1	華嚴還源觀科	宋 淨源刊正
2	X	華嚴部類		X58n0994	58	0994	1	華嚴妄盡還源觀疏鈔補解	宋 淨源述
2	X	華嚴部類		X58n0995	58	0995	10	華嚴一乘教義分齊章義苑疏	宋 道亭述
2	X	華嚴部類		X58n0996	58	0996	2	華嚴一乘教義分齊章焚薪	宋 師會錄
2	X	華嚴部類		X58n0997	58	0997	1	華嚴一乘教義分齊章科	宋 師會述
2	X	華嚴部類		X58n0998	58	0998	3	華嚴一乘教義分齊章復古記	宋 師會．善熹述
2	X	華嚴部類		X58n0999	58	0999	1	五教章集成記	宋 希迪述
2	X	華嚴部類		X58n1000	58	1000	1	評復古記	宋 希迪錄
2	X	華嚴部類		X58n1004	58	1004	1	五蘊觀	唐 澄觀述
2	X	華嚴部類		X58n1005	58	1005	1	華嚴心要法門註	唐 宗密述
2	X	華嚴部類		X58n1007	58	1007	1	註華嚴法界觀科文	唐 宗密述
2	X	華嚴部類		X58n1008	58	1008	1	註華嚴法界觀科文	唐 宗豫述
2	X	華嚴部類		X58n1010	58	1010	1	勸發菩提心文	唐 裴休述
2	X	華嚴部類		X58n1013	58	1013	1	華嚴法相槃節	宋 道通述
2	X	華嚴部類		X58n1014	58	1014	1	法界觀披雲集	宋 道通述
2	X	華嚴部類		X58n1015	58	1015	2	圓宗文類	高麗 義天集
2	X	華嚴部類		X58n1016	58	1016	1	註華嚴同教一乘策	宋 師會述　希迪註
2	X	華嚴部類		X58n1017	58	1017	1	註同教問答	宋 師會述　善熹註
2	X	華嚴部類		X58n1018	58	1018	1	評金剛錍	宋 善熹述
2	X	華嚴部類		X58n1019	58	1019	1	辨非集	宋 善熹述
2	X	華嚴部類		X58n1020	58	1020	1	斥謬	宋 善熹書
2	X	華嚴部類		X58n1022	58	1022	1	五相智識頌	宋 佚名撰
2	X	華嚴部類		X58n1023	58	1023	1	華嚴大意	明 善堅撰
2	X	華嚴部類		X58n1024	58	1024	6	賢首五教儀	清 續法集錄
2	X	華嚴部類		X58n1025	58	1025	1	賢首五教儀開蒙	清 續法集
2	X	華嚴部類		X58n1026	58	1026	1	賢首五教斷證三覺揀濫圖	清 續法集
2	X	華嚴部類		X58n1027	58	1027	1	法界宗蓮花章	清 續法集
2	X	華嚴部類		X58n1028	58	1028	1	華嚴鏡燈章	清 續法集
2	X	華嚴部類		X58n1029	58	1029	1	一乘決疑論	清 彭際清述
2	X	華嚴部類		X58n1030	58	1030	1	華嚴念佛三昧論	清 彭際清述
2	X	華嚴部類		X58n1031	58	1031	3	華嚴原人論發微錄	宋 淨源述
2	X	華嚴部類		X58n1032	58	1032	3	華嚴原人論解	元 圓覺解
2	X	華嚴部類		X58n1033	58	1033	2	華嚴原人論合解	元 圓覺解　明 楊嘉祚刪合
2	X	律部類		X59n1085	59	1085	1	受菩薩戒儀	陳 慧思撰
2	X	律部類		X59n1086	59	1086	1	授菩薩戒儀	唐 湛然述
2	X	律部類		X59n1087	59	1087	1	略授三歸五八戒並菩薩戒	唐 澄照讚
2	X	律部類		X59n1088	59	1088	1	受菩薩戒法	宋 延壽撰
2	X	律部類		X59n1094	59	1094	1	釋門歸敬儀護法記	宋 彥起撰
2	X	律部類		X59n1095	59	1095	3	釋門歸敬儀通真記	宋 了然述　日本 慧光合
2	X	律部類		X59n1096	59	1096	3	淨心誡觀法發真鈔	宋 允堪述　日本 慧光合
2	X	律部類		X59n1097	59	1097	1	釋門章服儀應法記	宋 元照述　日本 良信合
2	X	律部類		X59n1098	59	1098	1	衣鉢名義章	宋 允堪述
2	X	律部類		X59n1099	59	1099	1	新受戒比丘六念五觀法	宋 允堪撰錄
2	X	律部類		X59n1100	59	1100	1	道具賦	宋 元照撰
2	X	律部類		X59n1102	59	1102	1	佛制六物圖辯訛	宋 妙生述
2	X	律部類		X59n1103	59	1103	1	三衣顯正圖	宋 妙生述
2	X	律部類		X59n1104	59	1104	3	芝園遺編	宋 元照錄　道詢集
2	X	律部類		X59n1105	59	1105	2	芝園集	宋 元照作
2	X	律部類		X59n1106	59	1106	1	補續芝園集	宋 元照撰
2	X	律部類		X59n1107	59	1107	3	律宗新學名句	宋 惟顯編
2	X	律部類		X59n1108	59	1108	2	律宗問答	日本 俊艿問　宋 了然．智瑞．妙音答
2	X	律部類		X59n1109	59	1109	3	終南家業	宋 守一述　行枝編
2	X	律部類		X60n1110	60	1110	3	律宗會元	宋 守一集
2	X	律部類		X60n1111	60	1111	1	蓬折直辨	宋 妙蓮撰
2	X	律部類		X60n1112	60	1112	1	蓬折箴	宋 妙蓮撰
2	X	律部類		X60n1113	60	1113	10	律苑事規	元 省悟編述　嗣良參訂
2	X	律部類		X60n1114	60	1114	1	毗尼日用錄	明 性祇述
2	X	律部類		X60n1115	60	1115	1	毗尼日用切要	清 讀體彙集
2	X	律部類		X60n1116	60	1116	2	毗尼日用切要香乳記	清 書玉箋記
2	X	律部類		X60n1117	60	1117	2	沙門日用	清 弘贊編
2	X	律部類		X60n1118	60	1118	2	沙彌律儀要略增註	清 弘贊註
2	X	律部類		X60n1119	60	1119	2	沙彌律儀要略述義	清 書玉科釋
2	X	律部類		X60n1120	60	1120	3	沙彌律儀毗尼日用合參	清 戒顯訂閱　濟岳彙箋
2	X	律部類		X60n1121	60	1121	1	沙彌十戒威儀錄要	明 智旭重輯
2	X	律部類		X60n1122	60	1122	1	沙彌尼律儀要略	清 讀體輯集
2	X	律部類		X60n1123	60	1123	3	在家律要廣集	明 智旭集　清 儀潤．陳熙願增訂
2	X	律部類		X60n1124	60	1124	1	律要後集	明 智旭集
2	X	律部類		X60n1125	60	1125	3	律學發軔	明 元賢述
2	X	律部類		X60n1126	60	1126	2	弘戒法儀	明 法藏輯
2	X	律部類		X60n1127	60	1127	1	傳授三壇弘戒法儀	明 法藏撰集　清 超遠檢錄
2	X	律部類		X60n1128	60	1128	4	傳戒正範	清 讀體撰
2	X	律部類		X60n1129	60	1129	3	歸戒要集	清 弘贊輯
2	X	律部類		X60n1130	60	1130	1	八關齋法	清 弘贊輯
2	X	律部類		X60n1131	60	1131	1	比丘受戒錄	清 弘贊述
2	X	律部類		X60n1132	60	1132	1	比丘尼受戒錄	清 弘贊述
2	X	律部類		X60n1133	60	1133	1	沙彌學戒儀軌頌註	清 弘贊述並註
2	X	律部類		X60n1134	60	1134	2	二部僧授戒儀式	清 書玉述
2	X	律部類		X60n1135	60	1135	2	羯磨儀式	清 書玉述
2	X	律部類		X60n1136	60	1136	1	經律戒相布薩軌儀	明 如馨纂要
2	X	律部類		X60n1137	60	1137	1	梵網經懺悔行法	明 智旭述
2	X	律部類		X60n1138	60	1138	1	戒殺四十八問	清 周思仁述
2	X	律部類		X60n1139	60	1139	1	體仁要術	清 彭紹升著
2	X	淨土宗部類		X61n1145	61	1145	2	西方要決科註	
2	X	淨土宗部類		X61n1149	61	1149	1	注十疑論	宋 澄彧註
2	X	淨土宗部類		X61n1154	61	1154	2	淨土指歸集	明 大佑集
2	X	淨土宗部類		X61n1155	61	1155	1	淨土簡要錄	明 道衍編
2	X	淨土宗部類		X61n1156	61	1156	2	歸元直指集	明 宗本集
2	X	淨土宗部類		X61n1157	61	1157	1	淨土決	明 李贄集
2	X	淨土宗部類		X61n1158	61	1158	1	答四十八問	明 袾宏著
2	X	淨土宗部類		X61n1160	61	1160	1	西方願文	明 袾宏著並釋
2	X	淨土宗部類		X61n1161	61	1161	1	西方發願文註	清 實賢註
2	X	淨土宗部類		X61n1162	61	1162	6	淨土資糧全集	明 袾宏校正　莊廣還輯
2	X	淨土宗部類		X61n1163	61	1163	3	西方直指	明 一念編
2	X	淨土宗部類		X61n1164	61	1164	10	淨土十要	明 成時(評點節要)
2	X	淨土宗部類		X61n1165	61	1165	10	西方合論標註	明 明教標註
2	X	淨土宗部類		X61n1166	61	1166	2	淨慈要語	明 元賢述
2	X	淨土宗部類		X61n1167	61	1167	1	淨土生無生論註	明 正寂註
2	X	淨土宗部類		X61n1168	61	1168	2	淨土生無生論親聞記	明 受教記
2	X	淨土宗部類		X61n1169	61	1169	1	淨土生無生論會集	清 達默集
2	X	淨土宗部類		X62n1170	62	1170	1	雲棲淨土彙語	清 虞執西．嚴培西同錄
2	X	淨土宗部類		X62n1171	62	1171	1	淨土旨訣	清 道霑撰
2	X	淨土宗部類		X62n1172	62	1172	10	淨土晨鐘	清 周克復纂
2	X	淨土宗部類		X62n1173	62	1173	4	西歸直指	清 周夢顏彙集
2	X	淨土宗部類		X62n1174	62	1174	1	淨土警語	清 行策著
2	X	淨土宗部類		X62n1175	62	1175	1	起一心精進念佛七期規式	清 行策定
2	X	淨土宗部類		X62n1176	62	1176	2	淨土全書	清 俞行敏重輯
2	X	淨土宗部類		X62n1177	62	1177	2	角虎集	清 濟能纂輯
2	X	淨土宗部類		X62n1178	62	1178	1	東海若解	清 實賢解
2	X	淨土宗部類		X62n1179	62	1179	2	省菴法師語錄	清 彭際清重訂
2	X	淨土宗部類		X62n1180	62	1180	2	重訂西方公據	清 彭際清集
2	X	淨土宗部類		X62n1181	62	1181	2	念佛警策	清 彭際清纂
2	X	淨土宗部類		X62n1182	62	1182	2	徹悟禪師語錄	清 了亮等集
2	X	淨土宗部類		X62n1183	62	1183	1	淨業知津	清 悟開述
2	X	淨土宗部類		X62n1184	62	1184	1	念佛百問	清 悟開著
2	X	淨土宗部類		X62n1185	62	1185	4	徑中徑又徑	清 張師誠著
2	X	淨土宗部類		X62n1186	62	1186	1	勸修淨土切要	清 真益願纂述
2	X	淨土宗部類		X62n1187	62	1187	2	淨土隨學	清 古崑編
2	X	淨土宗部類		X62n1188	62	1188	1	淨土必求	清 古崑集
2	X	淨土宗部類		X62n1189	62	1189	1	淨土承恩集	清 芳慧編
2	X	淨土宗部類		X62n1190	62	1190	1	念佛三昧	瑞聖歎註
2	X	淨土宗部類		X62n1191	62	1191	1	西方確指	清 覺明菩薩說　常攝集
2	X	淨土宗部類		X62n1192	62	1192	1	清珠集	清 治兆輯
2	X	淨土宗部類		X62n1193	62	1193	1	蓮邦消息	清 妙空子述
2	X	淨土宗部類		X62n1194	62	1194	1	淨土極信錄	清 戒香述
2	X	淨土宗部類		X62n1195	62	1195	1	念佛起緣彌陀觀偈直解	清 張淵述
2	X	淨土宗部類		X62n1196	62	1196	3	淨土證心集	清 卍蓮述
2	X	淨土宗部類		X62n1197	62	1197	1	蓮宗必讀	清 古崑集
2	X	淨土宗部類		X62n1198	62	1198	1	淨土神珠	清 古崑集
2	X	淨土宗部類		X62n1199	62	1199	1	淨業痛策	清 照瑩集
2	X	淨土宗部類		X62n1200	62	1200	1	時時好念佛	清 果能述
2	X	淨土宗部類		X62n1201	62	1201	1	啟信雜說	清 周思仁輯
2	X	淨土宗部類		X62n1202	62	1202	1	淨土紺珠	清 德真輯
2	X	淨土宗部類		X62n1203	62	1203	1	修西輯要	清 信菴輯
2	X	淨土宗部類		X62n1204	62	1204	6	蓮修起信錄	清 程兆鸞錄存
2	X	淨土宗部類		X62n1205	62	1205	2	報恩論	清 沈善登述
2	X	淨土宗部類		X62n1206	62	1206	1	持名四十八法	清 鄭韋庵述
2	X	淨土宗部類		X62n1207	62	1207	1	蓮邦詩選	明 廣貴輯
2	X	淨土宗部類		X62n1208	62	1208	1	唯心集	清 乘戒著
2	X	淨土宗部類		X62n1209	62	1209	1	影響集	清 量海著
2	X	淨土宗部類		X62n1210	62	1210	1	二林唱和詩	清 彭紹升集
2	X	淨土宗部類		X62n1211	62	1211	1	觀河集節鈔	清 彭紹升著　弟子節鈔
2	X	淨土宗部類		X62n1212	62	1212	1	測海集節鈔	清 彭紹升著　弟子節鈔
2	X	淨土宗部類		X62n1213	62	1213	1	瓊樓吟稿節鈔	清 陶善著　弟子節鈔
2	X	淨土宗部類		X62n1214	62	1214	1	蓮修必讀	清 觀如輯
2	X	淨土宗部類		X62n1215	62	1215	1	普能嵩禪師淨土詩	清 德潤錄
2	X	淨土宗部類		X62n1216	62	1216	1	淨土救生船詩	清 寬量集
2	X	禪宗部類		X63n1217	63	1217	1	菩提達磨大師略辨大乘入道四行觀	梁 菩提達磨說
2	X	禪宗部類		X63n1218	63	1218	1	達磨大師血脉論	梁 菩提達磨述
2	X	禪宗部類		X63n1219	63	1219	1	達磨大師悟性論	梁 菩提達磨述
2	X	禪宗部類		X63n1220	63	1220	1	達磨大師破相論	梁 菩提達磨述
2	X	禪宗部類		X63n1222	63	1222	1	修禪要訣	北天竺 覺愛略說　唐 明恂隨錄　慧智傳譯
2	X	禪宗部類		X63n1223	63	1223	1	頓悟入道要門論	唐 慧海撰
2	X	禪宗部類		X63n1224	63	1224	1	諸方門人參問語錄	唐 慧海撰
2	X	禪宗部類		X63n1225	63	1225	1	中華傳心地禪門師資承襲圖	唐 裴休問　宗密答
2	X	禪宗部類		X63n1226	63	1226	1	宗門十規論	唐 文益撰
2	X	禪宗部類		X63n1229	63	1229	1	定慧相資歌	宋 延壽撰
2	X	禪宗部類		X63n1230	63	1230	1	警世	宋 延壽撰
2	X	禪宗部類		X63n1231	63	1231	4	心賦注	宋 延壽述
2	X	禪宗部類		X63n1232	63	1232	1	智覺禪師自行錄	宋 文冲(重校編集)
2	X	禪宗部類		X63n1233	63	1233	1	祇園正儀	宋 道楷撰
2	X	禪宗部類		X63n1234	63	1234	1	臨濟宗旨	宋 慧洪撰
2	X	禪宗部類		X63n1235	63	1235	1	智證傳	宋 慧洪撰　覺慈編
2	X	禪宗部類		X63n1236	63	1236	3	(重編)曹洞五位顯訣	宋 慧霞編　廣輝釋
2	X	禪宗部類		X63n1237	63	1237	1	寶鏡三昧本義	清 行策述
2	X	禪宗部類		X63n1238	63	1238	1	寶鏡三昧原宗辨謬說	清 淨訥述
2	X	禪宗部類		X63n1239	63	1239	1	溈山警策註	宋 守遂註
2	X	禪宗部類		X63n1240	63	1240	2	溈山警策句釋記	明 弘贊註　開詗記
2	X	禪宗部類		X63n1241	63	1241	1	證道歌註	宋 彥琪註
2	X	禪宗部類		X63n1242	63	1242	2	永嘉禪宗集註	明 傳燈重編並註
2	X	禪宗部類		X63n1244	63	1244	9	百丈清規證義記	清 儀潤證義
2	X	禪宗部類		X63n1245	63	1245	10	(重雕補註)禪苑清規	宋 宗賾集
2	X	禪宗部類		X63n1246	63	1246	1	入眾日用	宋 宗壽集
2	X	禪宗部類		X63n1247	63	1247	1	入眾須知	
2	X	禪宗部類		X63n1248	63	1248	1	幻住庵清規	元 明本著
2	X	禪宗部類		X63n1249	63	1249	2	叢林校定清規總要	宋 惟勉編次
2	X	禪宗部類		X63n1250	63	1250	10	禪林備用清規	元 弌咸編
2	X	禪宗部類		X63n1251	63	1251	1	叢林兩序須知	明 通容述
2	X	禪宗部類		X63n1252	63	1252	4	禪林疏語考證	明 元賢集
2	X	禪宗部類		X63n1253	63	1253	1	初學記	宋 清覺述　元 道安注
2	X	禪宗部類		X63n1254	63	1254	1	正行集	宋 清覺述
2	X	禪宗部類		X63n1255	63	1255	1	禪家龜鑑	朝鮮 退隱述
2	X	禪宗部類		X63n1256	63	1256	1	宗門玄鑑圖	明 虗一撰
2	X	禪宗部類		X63n1257	63	1257	2	博山禪警語	明 元來說　成正集
2	X	禪宗部類		X63n1258	63	1258	1	禪宗直指	明 石成金著
2	X	禪宗部類		X63n1259	63	1259	1	禪門鍛鍊說	明 戒顯著
2	X	禪宗部類		X64n1260	64	1260	42	列祖提綱錄	清 行悅集
2	X	禪宗部類		X64n1261	64	1261	8	祖庭事苑	宋 善卿編正
2	X	禪宗部類		X64n1262	64	1262	1	禪林寶訓音義	明 大建較
2	X	禪宗部類		X64n1263	64	1263	4	禪林寶訓合註	清 張文嘉較定　張文憲參閱
2	X	禪宗部類		X64n1264	64	1264	1	禪林寶訓拈頌	清 行盛著　超記錄
2	X	禪宗部類		X64n1265	64	1265	4	禪林寶訓順硃	清 德玉順硃
2	X	禪宗部類		X64n1266	64	1266	3	禪林寶訓筆說	清 智祥述
2	X	禪宗部類		X64n1268	64	1268	1	叢林公論	宋 惠彬述
2	X	禪宗部類		X64n1269	64	1269	1	十牛圖頌	宋 師遠述
2	X	禪宗部類		X64n1270	64	1270	1	十牛圖頌	明 胡文煥著
2	X	禪宗部類		X64n1271	64	1271	1	十牛圖和頌	
2	X	禪宗部類		X64n1276	64	1276	3	禪門寶藏錄	高麗 天頙撰
2	X	禪宗部類		X65n1277	65	1277	15	高峰龍泉院因師集賢語錄	元 如瑛編
2	X	禪宗部類		X65n1278	65	1278	8	禪宗雜毒海	清 性音重編
2	X	禪宗部類		X65n1279	65	1279	1	五宗原	明 法藏著
2	X	禪宗部類		X65n1280	65	1280	10	闢妄救略說	明 圓悟著　真啟編
2	X	禪宗部類		X65n1282	65	1282	3	五家宗旨纂要	清 性統編
2	X	禪宗部類		X65n1283	65	1283	2	宗範	清 錢伊庵編緝
2	X	禪宗部類		X65n1285	65	1285	1	慨古錄	明 圓澄著
2	X	禪宗部類		X65n1286	65	1286	2	祖庭鉗鎚錄	明 通容輯著
2	X	禪宗部類		X65n1287	65	1287	1	千松筆記	明 大韶著
2	X	禪宗部類		X65n1288	65	1288	3	萬法歸心錄	清 超溟著
2	X	禪宗部類		X65n1289	65	1289	1	禪宗指掌	清 行海述
2	X	禪宗部類		X65n1290	65	1290	1	觀心玄樞	宋 延壽撰
2	X	禪宗部類		X65n1291	65	1291	1	證道歌頌	宋 法泉繼頌
2	X	禪宗部類		X65n1292	65	1292	1	證道歌註	宋 知訥述
2	X	禪宗部類		X65n1293	65	1293	1	證道歌註	元 永盛述　德弘編
2	X	禪宗部類		X65n1294	65	1294	1	溈山警策註	明 大香註
2	X	禪宗部類		X65n1295	65	1295	40	禪宗頌古聯珠通集	宋 法應集　元 普會續集
2	X	禪宗部類		X66n1296	66	1296	45	宗門拈古彙集	清 淨符彙集
2	X	禪宗部類		X66n1297	66	1297	72	宗鑑法林	清 集雲堂編
2	X	禪宗部類		X66n1298	66	1298	2	禪門諸祖師偈頌	宋 子昇錄　如祐錄
2	X	禪宗部類		X67n1299	67	1299	20	禪林類聚	元 道泰集
2	X	禪宗部類		X67n1301	67	1301	2	佛果擊節錄	宋 重顯拈古　克勤擊節
2	X	禪宗部類		X67n1302	67	1302	2	焭絕老人天奇直註雪竇顯和尚頌古	明 本瑞直註　道霖．性福編集
2	X	禪宗部類		X67n1303	67	1303	6	林泉老人評唱投子青和尚頌古空谷集	宋 義青頌古　元 從倫評唱
2	X	禪宗部類		X67n1304	67	1304	6	林泉老人評唱丹霞淳禪師頌古虗堂集	宋 子淳頌古　元 從倫評唱
2	X	禪宗部類		X67n1306	67	1306	2	焭絕老人天奇直註天童覺和尚頌古	明 本瑞直註　性福編集
2	X	禪宗部類		X67n1307	67	1307	2	萬松老人評唱天童覺和尚拈古請益錄	宋 正覺拈古　元 行秀評唱
2	X	禪宗部類		X67n1308	67	1308	5	徑石滴乳集	清 真在編　機雲重續
2	X	禪宗部類		X67n1309	67	1309	3	正法眼藏	宋 宗杲集並著語
2	X	禪宗部類		X67n1310	67	1310	3	拈八方珠玉集	宋 祖慶重編
2	X	禪宗部類		X67n1312	67	1312	1	通玄百問	元 圓通設問　行秀仰答
2	X	禪宗部類		X67n1313	67	1313	1	青州百問	金 一辯問　覺答
2	X	禪宗部類		X68n1314	68	1314	1	古尊宿語錄目錄	日本 道忠編
2	X	禪宗部類		X68n1315	68	1315	48	古尊宿語錄	宋 賾藏主集
2	X	禪宗部類		X68n1316	68	1316	1	古尊宿語要目錄	日本 道忠編
2	X	禪宗部類		X68n1317	68	1317	1	續古尊宿語要目錄	日本 道忠編
2	X	禪宗部類		X68n1318	68	1318	6	續古尊宿語要	宋 師明集
2	X	禪宗部類		X69n1320	69	1320	1	四家語錄（序．引．跋）	
2	X	禪宗部類		X69n1321	69	1321	1	馬祖道一禪師廣錄（四家語錄卷一）	
2	X	禪宗部類		X69n1322	69	1322	1	百丈懷海禪師語錄（四家語錄卷二）	
2	X	禪宗部類		X69n1323	69	1323	1	百丈懷海禪師廣錄（四家語錄卷三）	
2	X	禪宗部類		X69n1326	69	1326	1	五家語錄（序）	明 圓信．郭凝之 編集
2	X	禪宗部類		X69n1333	69	1333	2	雪峰義存禪師語錄（真覺禪師語錄）	明 林弘衍編次
2	X	禪宗部類		X69n1335	69	1335	4	善慧大士語錄	唐 樓頴錄
2	X	禪宗部類		X69n1336	69	1336	3	龐居士語錄	唐 于頔編集
2	X	禪宗部類		X69n1338	69	1338	1	石霜楚圓禪師語錄	(小師)慧南重編
2	X	禪宗部類		X69n1339	69	1339	1	瑯琊慧覺禪師語錄（序）	(參學)用孫序
2	X	禪宗部類		X69n1340	69	1340	1	黃龍四家錄（序）	宋 秀人錢密序
2	X	禪宗部類		X69n1342	69	1342	1	雲菴克文禪師語錄（敘．疏．附錄）	
2	X	禪宗部類		X69n1343	69	1343	1	寶覺祖心禪師語錄（黃龍四家錄第二）	(侍者)子和錄　(門人)仲介重編
2	X	禪宗部類		X69n1344	69	1344	1	死心悟新禪師語錄（黃龍四家錄第三）	
2	X	禪宗部類		X69n1345	69	1345	1	超宗慧方禪師語錄（黃龍四家錄第四）	
2	X	禪宗部類		X69n1346	69	1346	1	雪峰慧空禪師語錄	(嗣法)慧弼編
2	X	禪宗部類		X69n1347	69	1347	1	長靈守卓禪師語錄	(嗣法)介諶編
2	X	禪宗部類		X69n1348	69	1348	1	雪菴從瑾禪師頌古	
2	X	禪宗部類		X69n1350	69	1350	1	保寧仁勇禪師語錄	(參學門人)道勝．圓淨 錄
2	X	禪宗部類		X69n1351	69	1351	2	白雲守端禪師語錄	
2	X	禪宗部類		X69n1352	69	1352	4	白雲守端禪師廣錄	(參學小師)處凝．智本．智華．法演 編集、海譚錄
2	X	禪宗部類		X69n1353	69	1353	2	開福道寧禪師語錄	(嗣法小師)善果集
2	X	禪宗部類		X69n1354	69	1354	1	月林師觀禪師語錄	(侍者)法寶．法璹．慶會．法清．有宗．惟珪．道果．慧開．德秀 編
2	X	禪宗部類		X69n1355	69	1355	2	無門慧開禪師語錄	(侍者)普敬．普通．了心．普禮．法孜．普巖．普覺．光祖．一見 錄
2	X	禪宗部類		X69n1356	69	1356	3	普菴印肅禪師語錄	
2	X	禪宗部類		X69n1357	69	1357	4	佛果克勤禪師心要	(嗣法)子文編
2	X	禪宗部類		X69n1358	69	1358	1	虎丘紹隆禪師語錄	(參學)嗣端 等編
2	X	禪宗部類		X69n1359	69	1359	10	應菴曇華禪師語錄	(嗣法)守詮 等編
2	X	禪宗部類		X69n1360	69	1360	4	瞎堂慧遠禪師廣錄	(參學)齊己．如本．祖淳．法慧 編
2	X	禪宗部類		X69n1361	69	1361	1	濟顛道濟禪師語錄	宋 沈孟柈敘述
2	X	禪宗部類		X69n1362	69	1362	2	普覺宗杲禪師語錄	(參學)法宏．道謙 編
2	X	禪宗部類		X69n1363	69	1363	1	西山亮禪師語錄	(侍者)覺心．志清 編
2	X	禪宗部類		X69n1364	69	1364	1	率菴梵琮禪師語錄	(小師)了見、(侍者)文郁．本空 編
2	X	禪宗部類		X69n1365	69	1365	1	北磵居簡禪師語錄	(參學)大觀編
2	X	禪宗部類		X69n1366	69	1366	1	物初大觀禪師語錄	(門人)德溥 等編校
2	X	禪宗部類		X69n1367	69	1367	4	笑隱大訢禪師語錄	(門人)延俊．慧曇．中孚．崇裕 等編
2	X	禪宗部類		X69n1368	69	1368	2	偃溪廣聞禪師語錄	(侍者門人)元清．淨志．普暉．元偉．光從．道鑑．道隆．惟實．妙高 編
2	X	禪宗部類		X69n1369	69	1369	1	大川普濟禪師語錄	(門人)元愷編
2	X	禪宗部類		X69n1370	69	1370	1	淮海原肇禪師語錄	(侍者門人)實仁．宗文．法奇．守愿．行佑．了元．善之．淨證．法從．紹熏．普璋．文煥．淨伏．慧行．文謙．正因．法恩．德紀．可能．持志．覺孫．惟康．宗和．如止．有智．慧雲．若舟 編
2	X	禪宗部類		X69n1371	69	1371	1	介石智朋禪師語錄	(參學侍者)正賢．宗坦．延輝．淨球．智瑾．志諶．祖誾 編
2	X	禪宗部類		X69n1372	69	1372	1	無文道燦禪師語錄	(小師)惟康編
2	X	禪宗部類		X70n1374	70	1374	1	龍源介清禪師語錄	(侍者)士洵．德高．懷珠 編
2	X	禪宗部類		X70n1375	70	1375	1	曹源道生禪師語錄	(侍者)道冲編
2	X	禪宗部類		X70n1376	70	1376	2	痴絕道冲禪師語錄	(嗣法門人)智沂．悟開．行彌．紹甄．智圓．元省．元樞 編
2	X	禪宗部類		X70n1377	70	1377	2	松源崇嶽禪師語錄	(參學)善開．光睦．普巖．師肇．道巖．了能 等錄
2	X	禪宗部類		X70n1378	70	1378	1	無明慧性禪師語錄	(侍者)妙儼．圓澄．妙全．道隆．圓照．法洪．唯道 編
2	X	禪宗部類		X70n1379	70	1379	1	運菴普巖禪師語錄	(侍者)元靖．智能．惟衍 編
2	X	禪宗部類		X70n1381	70	1381	1	破菴祖先禪師語錄	(參學)圓照等編
2	X	禪宗部類		X70n1382	70	1382	5	無準師範禪師語錄	(侍者)宗會．智折．覺圓．如海．妙倫．惟一．了禪．了心．普明．了南．紹曇．了覺．師坦．妙因．至慧 編
2	X	禪宗部類		X70n1383	70	1383	1	無準和尚奏對語錄	(侍者)了南．了垠 編
2	X	禪宗部類		X70n1384	70	1384	1	絕岸可湘禪師語錄	(嗣法門人)妙恩．正從．自永．守靜．慈證．宗永 等編
2	X	禪宗部類		X70n1385	70	1385	2	樵隱悟逸禪師語錄	(侍者)正定編
2	X	禪宗部類		X70n1386	70	1386	4	石田法薰禪師語錄	(門人)了覺．師坦 等編
2	X	禪宗部類		X70n1387	70	1387	1	劍關子益禪師語錄	(侍者)善珙．德修．慧澄．銳彰．心寧．慧恭 編
2	X	禪宗部類		X70n1388	70	1388	2	環溪惟一禪師語錄	(參學)覺此編
2	X	禪宗部類		X70n1389	70	1389	1	希叟紹曇禪師語錄	(侍者)自悟．了舜．妙恩．普和．惠洇．希革．彌紹．道信．宗壽．道亨 編
2	X	禪宗部類		X70n1390	70	1390	7	希叟紹曇禪師廣錄	(侍者)法澄．了舜．普和．希革．惠洇．彌紹．道亨．宗壽 編
2	X	禪宗部類		X70n1391	70	1391	2	西巖了慧禪師語錄	(門人侍者)修義．景元．宗清．繼燖．宗應 編
2	X	禪宗部類		X70n1392	70	1392	2	月磵禪師語錄	(嗣法)妙寅、(侍者)法嚴．德圓．覺靜．永仁．宗煥 等編
2	X	禪宗部類		X70n1393	70	1393	1	平石如砥禪師語錄	(嗣法門人)文才．子昶．了因．彌安．元勗．師楷．文斌．汝均．處林．雲岑 等編
2	X	禪宗部類		X70n1394	70	1394	2	斷橋妙倫禪師語錄	(侍者)文寶．善靖 編
2	X	禪宗部類		X70n1395	70	1395	1	方山文寶禪師語錄	(嗣法)先覩．祖燈 等錄　(法孫)機雲編
2	X	禪宗部類		X70n1396	70	1396	2	無見先覩禪師語錄	(嗣法門人)智度等編
2	X	禪宗部類		X70n1397	70	1397	4	雪巖祖欽禪師語錄	(嗣法門人)昭如．希陵 等編
2	X	禪宗部類		X70n1398	70	1398	1	海印昭如禪師語錄	(門人)行純．道彰．從心 集
2	X	禪宗部類		X70n1399	70	1399	2	石屋清洪禪師語錄	(參學門人)至柔等編
2	X	禪宗部類		X70n1400	70	1400	2	高峰原妙禪師語錄	(參學門人)編
2	X	禪宗部類		X70n1401	70	1401	1	高峰原妙禪師禪要	(侍者)持正錄　(參學)洪喬祖編
2	X	禪宗部類		X70n1402	70	1402	3	天目明本禪師雜錄	
2	X	禪宗部類		X70n1403	70	1403	9	天如惟則禪師語錄	(小師)善遇編
2	X	禪宗部類		X71n1404	71	1404	3	兀菴普寧禪師語錄	(侍者)淨韻．清澤．道昭．景用．禪了 編
2	X	禪宗部類		X71n1405	71	1405	3	石溪心月禪師語錄	(侍者)住顯．宗煥．祖定．宗茙．光玉．仁安．應儼．永珍．祖森 編
2	X	禪宗部類		X71n1406	71	1406	1	石溪心月禪師雜錄	
2	X	禪宗部類		X71n1407	71	1407	1	虛舟普度禪師語錄	(嗣法)淨伏、(門人)行佑．德珍．瓊林 等編
2	X	禪宗部類		X71n1408	71	1408	1	即休契了禪師拾遺集	日本 及藏主集錄
2	X	禪宗部類		X71n1409	71	1409	3	月江正印禪師語錄	(門人)居簡．妙心．大機．慧忠．可橖．祖安．具德．宗滿．自然．慧觀．壽椿．德粹．思敬．良圭．景行．本真．紹宗．文闡．寶生．文藻．自成 編
2	X	禪宗部類		X71n1410	71	1410	2	曇芳守忠禪師語錄	(嗣法)繼祖等編
2	X	禪宗部類		X71n1411	71	1411	2	橫川行珙禪師語錄	(門人)本光等編
2	X	禪宗部類		X71n1412	71	1412	5	古林清茂禪師語錄	(小師)元浩．清欲．應槐 編
2	X	禪宗部類		X71n1413	71	1413	2	古林清茂禪師拾遺偈頌	日本 海壽編次
2	X	禪宗部類		X71n1414	71	1414	9	了菴清欲禪師語錄	(參學)一志．元皓．可興．文康．祖運．志道．祖杲．得度．文煥．克明．宗成．宗胤．起宗．汝現．元寶．慧朗．景毅．大圓．海壽．祖灊 等編
2	X	禪宗部類		X71n1415	71	1415	1	穆菴文康禪師語錄	(嗣法參學)清逸．智辯．寶日 等編
2	X	禪宗部類		X71n1416	71	1416	6	恕中無慍禪師語錄	(嗣法參學)宗黼．道瑄．宗亘．居頂．惟寂．宗寄．慧浩．清歲 等編
2	X	禪宗部類		X71n1417	71	1417	4	了堂惟一禪師語錄	(門人)宗義．有端．思齊．思靜．妙淨．無我．文暐．雲澹．思謙．普莊．宗遠．思廉．文度．文朗 等編
2	X	禪宗部類		X71n1418	71	1418	8	呆菴普莊禪師語錄	(門人)慧啟．智粵．智勝．德琇．曇頓．道哲 等編
2	X	禪宗部類		X71n1419	71	1419	8	元叟行端禪師語錄	(門人)法林．曇噩．祖銘．梵琦 等編
2	X	禪宗部類		X71n1420	71	1420	20	楚石梵琦禪師語錄	(門人)祖光．文玹．曇紹．祖灊．景瓛．良彥．應訢．明遠．胤丘．文晟．正隆．善成．文斌．中端．正參 等編
2	X	禪宗部類		X71n1421	71	1421	10	愚菴智及禪師語錄	(門人)觀通．溥震．正除．希顏．忻悟．寶盈．至寶．慧鏡．護位．道彝 等編
2	X	禪宗部類		X71n1422	71	1422	4	南石文琇禪師語錄	(門人)宗謐．妙門．復初．廷璨．良玓 等編
2	X	禪宗部類		X71n1423	71	1423	2	投子義青禪師語錄	(傳法)自覺重編
2	X	禪宗部類		X71n1424	71	1424	1	投子義青禪師語錄	(嗣法)道楷編
2	X	禪宗部類		X71n1425	71	1425	2	丹霞子淳禪師語錄	(嗣法小師)慶預校勘
2	X	禪宗部類		X71n1426	71	1426	2	真歇清了禪師語錄	(侍者)德初．義初 等編
2	X	禪宗部類		X72n1428	72	1428	6	淨慈慧暉禪師語錄	(弟子)明總下語寄言、了廣編
2	X	禪宗部類		X72n1431	72	1431	1	雲外雲岫禪師語錄	(小師)士慘編
2	X	禪宗部類		X72n1432	72	1432	4	無明慧經禪師語錄	(嗣法)元賢重編
2	X	禪宗部類		X72n1433	72	1433	1	晦臺元鏡禪師語錄	(嗣法)道盛集
2	X	禪宗部類		X72n1434	72	1434	1	見如元謐禪師語錄	(門人)道璞集
2	X	禪宗部類		X72n1435	72	1435	33	無異元來禪師廣錄	(法孫)弘瀚彙編、弘裕同集
2	X	禪宗部類		X72n1436	72	1436	1	博山無異大禪語錄集要	(首座)成正錄
2	X	禪宗部類		X72n1437	72	1437	30	永覺元賢禪師廣錄	(嗣法)道霈重編
2	X	禪宗部類		X72n1438	72	1438	2	為霖道霈禪師秉拂語錄	(書記)太靖錄
2	X	禪宗部類		X72n1439	72	1439	2	為霖道霈禪師餐香錄	(書記)太泉錄
2	X	禪宗部類		X72n1440	72	1440	4	為霖道霈禪師還山錄	(侍者)興燈．心亮．法雲．性朗 錄
2	X	禪宗部類		X72n1441	72	1441	1	為霖禪師雲山法會錄	(弟子)謝大材．潘道靖．黃大廣 同錄
2	X	禪宗部類		X72n1442	72	1442	4	為霖禪師旅泊菴稿	(弟子)太泉．等純．興燈．心亮．淨煥 錄
2	X	禪宗部類		X72n1443	72	1443	6	宗寶道獨禪師語錄	(法孫)今釋重編
2	X	禪宗部類		X72n1444	72	1444	8	湛然圓澄禪師語錄	(門人)明凡錄　丁元公．祁駿隹 編
2	X	禪宗部類		X73n1445	73	1445	3	玄沙師備禪師廣錄	(參學)智嚴集
2	X	禪宗部類		X73n1446	73	1446	3	玄沙師備禪師語錄	明 林弘衍編次
2	X	禪宗部類		X73n1447	73	1447	1	薦福承古禪師語錄	(門人)文智編
2	X	禪宗部類		X73n1448	73	1448	1	法昌倚遇禪師語錄	(小師)宗密錄
2	X	禪宗部類		X73n1449	73	1449	2	吳山淨端禪師語錄	(法孫)師皎重編
2	X	禪宗部類		X73n1450	73	1450	1	慧林宗本禪師別錄	(嗣法)慧辯錄
2	X	禪宗部類		X73n1451	73	1451	4	慈受懷深禪師廣錄	(侍者)善清．善隨．宗先．普紹 編
2	X	禪宗部類		X73n1452	73	1452	29	紫柏尊者全集	明 德清閱
2	X	禪宗部類		X73n1453	73	1453	4	紫柏尊者別集	明 錢謙益纂閱
2	X	禪宗部類		X73n1454	73	1454	2	雲谷和尚語錄	(參學)宗敬．道傑．惟能．宗㞧．祖祿 編
2	X	禪宗部類		X73n1455	73	1455	1	聖箭堂述古	清 道霈述
2	X	禪宗部類		X73n1456	73	1456	52	憨山老人夢遊集	(侍者)福善日錄 (門人)通炯編輯
2	X	禪宗部類		X73n1457	73	1457	1	雲門麥浪懷禪師宗門設難	明 許元釗錄
2	X	禪宗部類		X73n1458	73	1458	1	宗門寶積錄（序．凡例．目錄）	清 本晳輯
2	X	淨土宗部類		X74n1464	74	1464	1	三時繫念佛事	宋 延壽述
2	X	淨土宗部類		X74n1465	74	1465	1	三時繫念儀範	宋 延壽述
2	X	淨土宗部類		X74n1466	74	1466	1	無量壽佛讚註	宋 元照撰　戒度注
2	X	淨土宗部類		X74n1467	74	1467	10	禮念彌陀道場懺法	元 王子成集
2	X	淨土宗部類		X74n1468	74	1468	1	西歸行儀	清 古崑錄輯
2	X	華嚴部類		X74n1469	74	1469	1	華嚴經海印道場九會請佛儀	
2	X	華嚴部類		X74n1470	74	1470	42	華嚴經海印道場懺儀	唐 一行慧覺依經錄　宋 普瑞補註　明 讀徹參閱　明 木增訂正　明 正止治定
2	X	華嚴部類		X74n1471	74	1471	1	華嚴清涼國師禮讚文	宋 智肱述
2	X	華嚴部類		X74n1472	74	1472	1	華嚴普賢行願修證儀	宋 淨源集
2	X	華嚴部類		X74n1473	74	1473	1	華嚴普賢行願修證儀	宋 淨源集
2	X	華嚴部類		X74n1474	74	1474	1	華嚴道場起止大略	明
2	X	華嚴部類		X74n1475	74	1475	18	圓覺經道場修證儀	唐 宗密述
2	X	華嚴部類		X74n1476	74	1476	1	圓覺經道場略本修證儀	宋 淨源錄
2	X	華嚴部類		X74n1477	74	1477	1	首楞嚴壇場修證儀	宋 淨源編敘
2	X	華嚴部類		X74n1478	74	1478	2	依楞嚴究竟事懺	明 禪修述
2	X	法華部類		X74n1480	74	1480	1	千手千眼大悲心咒行法	宋 知禮始集　清 讀體重纂
2	X	經集部類		X74n1483	74	1483	1	藥師三昧行法	明 受登集
2	X	經集部類		X74n1484	74	1484	3	慈悲藥師寶懺	清
2	X	經集部類		X74n1485	74	1485	1	占察善惡業報經行法	明 智旭集
2	X	大集部類		X74n1486	74	1486	1	讚禮地藏菩薩懺願儀	明 智旭述
2	X	大集部類		X74n1487	74	1487	3	慈悲地藏菩薩懺法	清
2	X	法華部類		X74n1488	74	1488	4	得遇龍華修證懺儀	明 如惺撰
2	X	律部類		X74n1489	74	1489	1	吳中石佛相好懺儀	明 傳燈集
2	X	律部類		X74n1490	74	1490	1	舍利懺法	清 繼僧著
2	X	律部類		X74n1491	74	1491	1	禮舍利塔儀式	清 弘贊編
2	X	律部類		X74n1492	74	1492	1	禮佛儀式	清 弘贊編
2	X	律部類		X74n1493	74	1493	1	供諸天科儀	清 弘贊集
2	X	般若部類		X74n1494	74	1494	1	金剛經科儀	清 建基錄
2	X	律部類		X74n1495	74	1495	3	慈悲道場水懺法隨聞錄	清 智證錄
2	X	律部類		X74n1496	74	1496	3	慈悲道場水懺法科註	清 西宗集註
2	X	律部類		X74n1497	74	1497	6	法界聖凡水陸勝會修齋儀軌	宋 志磐謹撰　明 袾宏重訂
2	X	律部類		X74n1498	74	1498	9	法界聖凡水陸大齋普利道場性相通論	清 咫觀述
2	X	律部類		X74n1499	74	1499	10	法界聖凡水陸大齋法輪寶懺	清 咫觀記
2	X	經集部類		X74n1500	74	1500	1	蘭盆獻供儀	宋 元照重集
2	X	法華部類		X74n1501	74	1501	1	釋迦如來降生禮讚文	宋 仁岳撰
2	X	律部類		X74n1504	74	1504	1	南山祖師禮讚文	宋 智圓述
2	X	律部類		X74n1505	74	1505	1	南山祖師禮讚文	宋 仁岳述
2	X	律部類		X74n1506	74	1506	1	南山祖師禮讚文	宋 允堪述
2	X	律部類		X74n1507	74	1507	1	大智律師禮讚文	宋 則安述
